Actions [[36, 36, 'BC'], [36, 36, 'BE']]
Realizing [36, 36, 'BC']
[[36, 36], [36, 37], [37, 28], [37, 29], [37, 30], [37, 31], [37, 32], [37, 33], [37, 34], [37, 36], [37, 37], [38, 28], [38, 29], [38, 30], [38, 31], [38, 32], [38, 33], [38, 34], [38, 35], [38, 36], [39, 28], [39, 29], [39, 30], [39, 31], [39, 32], [40, 28], [40, 29], [40, 30], [40, 31], [40, 32], [41, 28], [41, 29], [42, 28], [42, 29], [43, 28], [43, 29], [44, 28], [44, 29], [45, 28], [45, 29], [46, 28], [46, 29]]
Realizing [36, 36, 'BE']
[[36, 36], [36, 37], [37, 28], [37, 29], [37, 30], [37, 31], [37, 32], [37, 33], [37, 34], [37, 36], [37, 37], [38, 28], [38, 29], [38, 30], [38, 31], [38, 32], [38, 33], [38, 34], [38, 35], [38, 36], [39, 28], [39, 29], [39, 30], [39, 31], [39, 32], [40, 28], [40, 29], [40, 30], [40, 31], [40, 32], [41, 28], [41, 29], [42, 28], [42, 29], [43, 28], [43, 29], [44, 28], [44, 29], [45, 28], [45, 29], [46, 28], [46, 29]]
Actions [[36, 37, 'FB'], [36, 37, 'FE']]
Realizing [36, 37, 'FB']
[[36, 37], [37, 28], [37, 29], [37, 30], [37, 31], [37, 32], [37, 33], [37, 34], [37, 36], [37, 37], [38, 28], [38, 29], [38, 30], [38, 31], [38, 32], [38, 33], [38, 34], [38, 35], [38, 36], [39, 28], [39, 29], [39, 30], [39, 31], [39, 32], [40, 28], [40, 29], [40, 30], [40, 31], [40, 32], [41, 28], [41, 29], [42, 28], [42, 29], [43, 28], [43, 29], [44, 28], [44, 29], [45, 28], [45, 29], [46, 28], [46, 29]]
Realizing [36, 37, 'FE']
[[36, 37], [37, 28], [37, 29], [37, 30], [37, 31], [37, 32], [37, 33], [37, 34], [37, 36], [37, 37], [38, 28], [38, 29], [38, 30], [38, 31], [38, 32], [38, 33], [38, 34], [38, 35], [38, 36], [39, 28], [39, 29], [39, 30], [39, 31], [39, 32], [40, 28], [40, 29], [40, 30], [40, 31], [40, 32], [41, 28], [41, 29], [42, 28], [42, 29], [43, 28], [43, 29], [44, 28], [44, 29], [45, 28], [45, 29], [46, 28], [46, 29]]
Actions [[36, 37, 'FE']]
Realizing [36, 37, 'FE']
[[36, 37], [37, 28], [37, 29], [37, 30], [37, 31], [37, 32], [37, 33], [37, 34], [37, 36], [37, 37], [38, 28], [38, 29], [38, 30], [38, 31], [38, 32], [38, 33], [38, 34], [38, 35], [38, 36], [39, 28], [39, 29], [39, 30], [39, 31], [39, 32], [40, 28], [40, 29], [40, 30], [40, 31], [40, 32], [41, 28], [41, 29], [42, 28], [42, 29], [43, 28], [43, 29], [44, 28], [44, 29], [45, 28], [45, 29], [46, 28], [46, 29]]
Actions [[37, 28, 'FB'], [37, 28, 'FD']]
Realizing [37, 28, 'FB']
[[37, 28], [37, 29], [37, 30], [37, 31], [37, 32], [37, 33], [37, 34], [37, 36], [37, 37], [38, 28], [38, 29], [38, 30], [38, 31], [38, 32], [38, 33], [38, 34], [38, 35], [38, 36], [39, 28], [39, 29], [39, 30], [39, 31], [39, 32], [40, 28], [40, 29], [40, 30], [40, 31], [40, 32], [41, 28], [41, 29], [42, 28], [42, 29], [43, 28], [43, 29], [44, 28], [44, 29], [45, 28], [45, 29], [46, 28], [46, 29]]
Realizing [37, 28, 'FD']
[[37, 28], [37, 29], [37, 30], [37, 31], [37, 32], [37, 33], [37, 34], [37, 36], [37, 37], [38, 28], [38, 29], [38, 30], [38, 31], [38, 32], [38, 33], [38, 34], [38, 35], [38, 36], [39, 28], [39, 29], [39, 30], [39, 31], [39, 32], [40, 28], [40, 29], [40, 30], [40, 31], [40, 32], [41, 28], [41, 29], [42, 28], [42, 29], [43, 28], [43, 29], [44, 28], [44, 29], [45, 28], [45, 29], [46, 28], [46, 29]]
Actions [[37, 28, 'FD']]
Realizing [37, 28, 'FD']
[[37, 28], [37, 29], [37, 30], [37, 31], [37, 32], [37, 33], [37, 34], [37, 36], [37, 37], [38, 28], [38, 29], [38, 30], [38, 31], [38, 32], [38, 33], [38, 34], [38, 35], [38, 36], [39, 28], [39, 29], [39, 30], [39, 31], [39, 32], [40, 28], [40, 29], [40, 30], [40, 31], [40, 32], [41, 28], [41, 29], [42, 28], [42, 29], [43, 28], [43, 29], [44, 28], [44, 29], [45, 28], [45, 29], [46, 28], [46, 29]]
Actions [[37, 28, 'FD']]
Realizing [37, 28, 'FD']
[[37, 28], [37, 29], [37, 30], [37, 31], [37, 32], [37, 33], [37, 34], [37, 36], [37, 37], [38, 28], [38, 29], [38, 30], [38, 31], [38, 32], [38, 33], [38, 34], [38, 35], [38, 36], [39, 28], [39, 29], [39, 30], [39, 31], [39, 32], [40, 28], [40, 29], [40, 30], [40, 31], [40, 32], [41, 28], [41, 29], [42, 28], [42, 29], [43, 28], [43, 29], [44, 28], [44, 29], [45, 28], [45, 29], [46, 28], [46, 29]]
Actions [[37, 29, 'VB'], [37, 29, 'VE']]
Realizing [37, 29, 'VB']
[[37, 29], [37, 30], [37, 31], [37, 32], [37, 33], [37, 34], [37, 36], [37, 37], [38, 28], [38, 29], [38, 30], [38, 31], [38, 32], [38, 33], [38, 34], [38, 35], [38, 36], [39, 28], [39, 29], [39, 30], [39, 31], [39, 32], [40, 28], [40, 29], [40, 30], [40, 31], [40, 32], [41, 28], [41, 29], [42, 28], [42, 29], [43, 28], [43, 29], [44, 28], [44, 29], [45, 28], [45, 29], [46, 28], [46, 29]]
Realizing [37, 29, 'VE']
[[37, 29], [37, 30], [37, 31], [37, 32], [37, 33], [37, 34], [37, 36], [37, 37], [38, 28], [38, 29], [38, 30], [38, 31], [38, 32], [38, 33], [38, 34], [38, 35], [38, 36], [39, 28], [39, 29], [39, 30], [39, 31], [39, 32], [40, 28], [40, 29], [40, 30], [40, 31], [40, 32], [41, 28], [41, 29], [42, 28], [42, 29], [43, 28], [43, 29], [44, 28], [44, 29], [45, 28], [45, 29], [46, 28], [46, 29]]
Actions [[37, 29, 'VE']]
Realizing [37, 29, 'VE']
[[37, 29], [37, 30], [37, 31], [37, 32], [37, 33], [37, 34], [37, 36], [37, 37], [38, 28], [38, 29], [38, 30], [38, 31], [38, 32], [38, 33], [38, 34], [38, 35], [38, 36], [39, 28], [39, 29], [39, 30], [39, 31], [39, 32], [40, 28], [40, 29], [40, 30], [40, 31], [40, 32], [41, 28], [41, 29], [42, 28], [42, 29], [43, 28], [43, 29], [44, 28], [44, 29], [45, 28], [45, 29], [46, 28], [46, 29]]
Actions [[37, 29, 'VE']]
Realizing [37, 29, 'VE']
[[37, 29], [37, 30], [37, 31], [37, 32], [37, 33], [37, 34], [37, 36], [37, 37], [38, 28], [38, 29], [38, 30], [38, 31], [38, 32], [38, 33], [38, 34], [38, 35], [38, 36], [39, 28], [39, 29], [39, 30], [39, 31], [39, 32], [40, 28], [40, 29], [40, 30], [40, 31], [40, 32], [41, 28], [41, 29], [42, 28], [42, 29], [43, 28], [43, 29], [44, 28], [44, 29], [45, 28], [45, 29], [46, 28], [46, 29]]
Actions [[37, 29, 'VE']]
Realizing [37, 29, 'VE']
[[37, 29], [37, 30], [37, 31], [37, 32], [37, 33], [37, 34], [37, 36], [37, 37], [38, 28], [38, 29], [38, 30], [38, 31], [38, 32], [38, 33], [38, 34], [38, 35], [38, 36], [39, 28], [39, 29], [39, 30], [39, 31], [39, 32], [40, 28], [40, 29], [40, 30], [40, 31], [40, 32], [41, 28], [41, 29], [42, 28], [42, 29], [43, 28], [43, 29], [44, 28], [44, 29], [45, 28], [45, 29], [46, 28], [46, 29]]
Actions [[37, 30, 'VC'], [37, 30, 'VD']]
Realizing [37, 30, 'VC']
[[37, 30], [37, 31], [37, 32], [37, 33], [37, 34], [37, 36], [37, 37], [38, 28], [38, 29], [38, 30], [38, 31], [38, 32], [38, 33], [38, 34], [38, 35], [38, 36], [39, 28], [39, 29], [39, 30], [39, 31], [39, 32], [40, 28], [40, 29], [40, 30], [40, 31], [40, 32], [41, 28], [41, 29], [42, 28], [42, 29], [43, 28], [43, 29], [44, 28], [44, 29], [45, 28], [45, 29], [46, 28], [46, 29]]
Realizing [37, 30, 'VD']
[[37, 30], [37, 31], [37, 32], [37, 33], [37, 34], [37, 36], [37, 37], [38, 28], [38, 29], [38, 30], [38, 31], [38, 32], [38, 33], [38, 34], [38, 35], [38, 36], [39, 28], [39, 29], [39, 30], [39, 31], [39, 32], [40, 28], [40, 29], [40, 30], [40, 31], [40, 32], [41, 28], [41, 29], [42, 28], [42, 29], [43, 28], [43, 29], [44, 28], [44, 29], [45, 28], [45, 29], [46, 28], [46, 29]]
Actions [[37, 30, 'VD']]
Realizing [37, 30, 'VD']
[[37, 30], [37, 31], [37, 32], [37, 33], [37, 34], [37, 36], [37, 37], [38, 28], [38, 29], [38, 30], [38, 31], [38, 32], [38, 33], [38, 34], [38, 35], [38, 36], [39, 28], [39, 29], [39, 30], [39, 31], [39, 32], [40, 28], [40, 29], [40, 30], [40, 31], [40, 32], [41, 28], [41, 29], [42, 28], [42, 29], [43, 28], [43, 29], [44, 28], [44, 29], [45, 28], [45, 29], [46, 28], [46, 29]]
Actions [[37, 30, 'VD']]
Realizing [37, 30, 'VD']
[[37, 30], [37, 31], [37, 32], [37, 33], [37, 34], [37, 36], [37, 37], [38, 28], [38, 29], [38, 30], [38, 31], [38, 32], [38, 33], [38, 34], [38, 35], [38, 36], [39, 28], [39, 29], [39, 30], [39, 31], [39, 32], [40, 28], [40, 29], [40, 30], [40, 31], [40, 32], [41, 28], [41, 29], [42, 28], [42, 29], [43, 28], [43, 29], [44, 28], [44, 29], [45, 28], [45, 29], [46, 28], [46, 29]]
Actions [[37, 30, 'VD']]
Realizing [37, 30, 'VD']
[[37, 30], [37, 31], [37, 32], [37, 33], [37, 34], [37, 36], [37, 37], [38, 28], [38, 29], [38, 30], [38, 31], [38, 32], [38, 33], [38, 34], [38, 35], [38, 36], [39, 28], [39, 29], [39, 30], [39, 31], [39, 32], [40, 28], [40, 29], [40, 30], [40, 31], [40, 32], [41, 28], [41, 29], [42, 28], [42, 29], [43, 28], [43, 29], [44, 28], [44, 29], [45, 28], [45, 29], [46, 28], [46, 29]]
Actions [[37, 30, 'VD']]
Realizing [37, 30, 'VD']
[[37, 30], [37, 31], [37, 32], [37, 33], [37, 34], [37, 36], [37, 37], [38, 28], [38, 29], [38, 30], [38, 31], [38, 32], [38, 33], [38, 34], [38, 35], [38, 36], [39, 28], [39, 29], [39, 30], [39, 31], [39, 32], [40, 28], [40, 29], [40, 30], [40, 31], [40, 32], [41, 28], [41, 29], [42, 28], [42, 29], [43, 28], [43, 29], [44, 28], [44, 29], [45, 28], [45, 29], [46, 28], [46, 29]]
Actions [[37, 31, 'BC'], [37, 31, 'BD'], [37, 31, 'BE']]
Realizing [37, 31, 'BC']
[[37, 31], [37, 32], [37, 33], [37, 34], [37, 36], [37, 37], [38, 28], [38, 29], [38, 30], [38, 31], [38, 32], [38, 33], [38, 34], [38, 35], [38, 36], [39, 28], [39, 29], [39, 30], [39, 31], [39, 32], [40, 28], [40, 29], [40, 30], [40, 31], [40, 32], [41, 28], [41, 29], [42, 28], [42, 29], [43, 28], [43, 29], [44, 28], [44, 29], [45, 28], [45, 29], [46, 28], [46, 29]]
Realizing [37, 31, 'BD']
[[37, 31], [37, 32], [37, 33], [37, 34], [37, 36], [37, 37], [38, 28], [38, 29], [38, 30], [38, 31], [38, 32], [38, 33], [38, 34], [38, 35], [38, 36], [39, 28], [39, 29], [39, 30], [39, 31], [39, 32], [40, 28], [40, 29], [40, 30], [40, 31], [40, 32], [41, 28], [41, 29], [42, 28], [42, 29], [43, 28], [43, 29], [44, 28], [44, 29], [45, 28], [45, 29], [46, 28], [46, 29]]
Realizing [37, 31, 'BE']
[[37, 31], [37, 32], [37, 33], [37, 34], [37, 36], [37, 37], [38, 28], [38, 29], [38, 30], [38, 31], [38, 32], [38, 33], [38, 34], [38, 35], [38, 36], [39, 28], [39, 29], [39, 30], [39, 31], [39, 32], [40, 28], [40, 29], [40, 30], [40, 31], [40, 32], [41, 28], [41, 29], [42, 28], [42, 29], [43, 28], [43, 29], [44, 28], [44, 29], [45, 28], [45, 29], [46, 28], [46, 29]]
Actions [[37, 31, 'BE']]
Realizing [37, 31, 'BE']
[[37, 31], [37, 32], [37, 33], [37, 34], [37, 36], [37, 37], [38, 28], [38, 29], [38, 30], [38, 31], [38, 32], [38, 33], [38, 34], [38, 35], [38, 36], [39, 28], [39, 29], [39, 30], [39, 31], [39, 32], [40, 28], [40, 29], [40, 30], [40, 31], [40, 32], [41, 28], [41, 29], [42, 28], [42, 29], [43, 28], [43, 29], [44, 28], [44, 29], [45, 28], [45, 29], [46, 28], [46, 29]]
Actions [[37, 31, 'BE']]
Realizing [37, 31, 'BE']
[[37, 31], [37, 32], [37, 33], [37, 34], [37, 36], [37, 37], [38, 28], [38, 29], [38, 30], [38, 31], [38, 32], [38, 33], [38, 34], [38, 35], [38, 36], [39, 28], [39, 29], [39, 30], [39, 31], [39, 32], [40, 28], [40, 29], [40, 30], [40, 31], [40, 32], [41, 28], [41, 29], [42, 28], [42, 29], [43, 28], [43, 29], [44, 28], [44, 29], [45, 28], [45, 29], [46, 28], [46, 29]]
Actions [[37, 31, 'BE']]
Realizing [37, 31, 'BE']
[[37, 31], [37, 32], [37, 33], [37, 34], [37, 36], [37, 37], [38, 28], [38, 29], [38, 30], [38, 31], [38, 32], [38, 33], [38, 34], [38, 35], [38, 36], [39, 28], [39, 29], [39, 30], [39, 31], [39, 32], [40, 28], [40, 29], [40, 30], [40, 31], [40, 32], [41, 28], [41, 29], [42, 28], [42, 29], [43, 28], [43, 29], [44, 28], [44, 29], [45, 28], [45, 29], [46, 28], [46, 29]]
Actions [[37, 31, 'BE']]
Realizing [37, 31, 'BE']
[[37, 31], [37, 32], [37, 33], [37, 34], [37, 36], [37, 37], [38, 28], [38, 29], [38, 30], [38, 31], [38, 32], [38, 33], [38, 34], [38, 35], [38, 36], [39, 28], [39, 29], [39, 30], [39, 31], [39, 32], [40, 28], [40, 29], [40, 30], [40, 31], [40, 32], [41, 28], [41, 29], [42, 28], [42, 29], [43, 28], [43, 29], [44, 28], [44, 29], [45, 28], [45, 29], [46, 28], [46, 29]]
Actions [[37, 31, 'BE']]
Realizing [37, 31, 'BE']
[[37, 31], [37, 32], [37, 33], [37, 34], [37, 36], [37, 37], [38, 28], [38, 29], [38, 30], [38, 31], [38, 32], [38, 33], [38, 34], [38, 35], [38, 36], [39, 28], [39, 29], [39, 30], [39, 31], [39, 32], [40, 28], [40, 29], [40, 30], [40, 31], [40, 32], [41, 28], [41, 29], [42, 28], [42, 29], [43, 28], [43, 29], [44, 28], [44, 29], [45, 28], [45, 29], [46, 28], [46, 29]]
Actions [[37, 32, 'VB'], [37, 32, 'VE']]
Realizing [37, 32, 'VB']
[[37, 32], [37, 33], [37, 34], [37, 36], [37, 37], [38, 28], [38, 29], [38, 30], [38, 31], [38, 32], [38, 33], [38, 34], [38, 35], [38, 36], [39, 28], [39, 29], [39, 30], [39, 31], [39, 32], [40, 28], [40, 29], [40, 30], [40, 31], [40, 32], [41, 28], [41, 29], [42, 28], [42, 29], [43, 28], [43, 29], [44, 28], [44, 29], [45, 28], [45, 29], [46, 28], [46, 29]]
Realizing [37, 32, 'VE']
[[37, 32], [37, 33], [37, 34], [37, 36], [37, 37], [38, 28], [38, 29], [38, 30], [38, 31], [38, 32], [38, 33], [38, 34], [38, 35], [38, 36], [39, 28], [39, 29], [39, 30], [39, 31], [39, 32], [40, 28], [40, 29], [40, 30], [40, 31], [40, 32], [41, 28], [41, 29], [42, 28], [42, 29], [43, 28], [43, 29], [44, 28], [44, 29], [45, 28], [45, 29], [46, 28], [46, 29]]
Actions [[37, 32, 'VE']]
Realizing [37, 32, 'VE']
[[37, 32], [37, 33], [37, 34], [37, 36], [37, 37], [38, 28], [38, 29], [38, 30], [38, 31], [38, 32], [38, 33], [38, 34], [38, 35], [38, 36], [39, 28], [39, 29], [39, 30], [39, 31], [39, 32], [40, 28], [40, 29], [40, 30], [40, 31], [40, 32], [41, 28], [41, 29], [42, 28], [42, 29], [43, 28], [43, 29], [44, 28], [44, 29], [45, 28], [45, 29], [46, 28], [46, 29]]
Actions [[37, 32, 'VE']]
Realizing [37, 32, 'VE']
[[37, 32], [37, 33], [37, 34], [37, 36], [37, 37], [38, 28], [38, 29], [38, 30], [38, 31], [38, 32], [38, 33], [38, 34], [38, 35], [38, 36], [39, 28], [39, 29], [39, 30], [39, 31], [39, 32], [40, 28], [40, 29], [40, 30], [40, 31], [40, 32], [41, 28], [41, 29], [42, 28], [42, 29], [43, 28], [43, 29], [44, 28], [44, 29], [45, 28], [45, 29], [46, 28], [46, 29]]
Actions [[37, 32, 'VE']]
Realizing [37, 32, 'VE']
[[37, 32], [37, 33], [37, 34], [37, 36], [37, 37], [38, 28], [38, 29], [38, 30], [38, 31], [38, 32], [38, 33], [38, 34], [38, 35], [38, 36], [39, 28], [39, 29], [39, 30], [39, 31], [39, 32], [40, 28], [40, 29], [40, 30], [40, 31], [40, 32], [41, 28], [41, 29], [42, 28], [42, 29], [43, 28], [43, 29], [44, 28], [44, 29], [45, 28], [45, 29], [46, 28], [46, 29]]
Actions [[37, 32, 'VE']]
Realizing [37, 32, 'VE']
[[37, 32], [37, 33], [37, 34], [37, 36], [37, 37], [38, 28], [38, 29], [38, 30], [38, 31], [38, 32], [38, 33], [38, 34], [38, 35], [38, 36], [39, 28], [39, 29], [39, 30], [39, 31], [39, 32], [40, 28], [40, 29], [40, 30], [40, 31], [40, 32], [41, 28], [41, 29], [42, 28], [42, 29], [43, 28], [43, 29], [44, 28], [44, 29], [45, 28], [45, 29], [46, 28], [46, 29]]
Actions [[37, 32, 'VE']]
Realizing [37, 32, 'VE']
[[37, 32], [37, 33], [37, 34], [37, 36], [37, 37], [38, 28], [38, 29], [38, 30], [38, 31], [38, 32], [38, 33], [38, 34], [38, 35], [38, 36], [39, 28], [39, 29], [39, 30], [39, 31], [39, 32], [40, 28], [40, 29], [40, 30], [40, 31], [40, 32], [41, 28], [41, 29], [42, 28], [42, 29], [43, 28], [43, 29], [44, 28], [44, 29], [45, 28], [45, 29], [46, 28], [46, 29]]
Actions [[37, 32, 'VE']]
Realizing [37, 32, 'VE']
[[37, 32], [37, 33], [37, 34], [37, 36], [37, 37], [38, 28], [38, 29], [38, 30], [38, 31], [38, 32], [38, 33], [38, 34], [38, 35], [38, 36], [39, 28], [39, 29], [39, 30], [39, 31], [39, 32], [40, 28], [40, 29], [40, 30], [40, 31], [40, 32], [41, 28], [41, 29], [42, 28], [42, 29], [43, 28], [43, 29], [44, 28], [44, 29], [45, 28], [45, 29], [46, 28], [46, 29]]
Actions [[37, 32, 'VE']]
Realizing [37, 32, 'VE']
[[37, 32], [37, 33], [37, 34], [37, 36], [37, 37], [38, 28], [38, 29], [38, 30], [38, 31], [38, 32], [38, 33], [38, 34], [38, 35], [38, 36], [39, 28], [39, 29], [39, 30], [39, 31], [39, 32], [40, 28], [40, 29], [40, 30], [40, 31], [40, 32], [41, 28], [41, 29], [42, 28], [42, 29], [43, 28], [43, 29], [44, 28], [44, 29], [45, 28], [45, 29], [46, 28], [46, 29]]
Actions [[37, 33, 'VC'], [37, 33, 'VD']]
Realizing [37, 33, 'VC']
[[37, 33], [37, 34], [37, 36], [37, 37], [38, 28], [38, 29], [38, 30], [38, 31], [38, 32], [38, 33], [38, 34], [38, 35], [38, 36], [39, 28], [39, 29], [39, 30], [39, 31], [39, 32], [40, 28], [40, 29], [40, 30], [40, 31], [40, 32], [41, 28], [41, 29], [42, 28], [42, 29], [43, 28], [43, 29], [44, 28], [44, 29], [45, 28], [45, 29], [46, 28], [46, 29]]
Realizing [37, 33, 'VD']
[[37, 33], [37, 34], [37, 36], [37, 37], [38, 28], [38, 29], [38, 30], [38, 31], [38, 32], [38, 33], [38, 34], [38, 35], [38, 36], [39, 28], [39, 29], [39, 30], [39, 31], [39, 32], [40, 28], [40, 29], [40, 30], [40, 31], [40, 32], [41, 28], [41, 29], [42, 28], [42, 29], [43, 28], [43, 29], [44, 28], [44, 29], [45, 28], [45, 29], [46, 28], [46, 29]]
Actions [[37, 33, 'VD']]
Realizing [37, 33, 'VD']
[[37, 33], [37, 34], [37, 36], [37, 37], [38, 28], [38, 29], [38, 30], [38, 31], [38, 32], [38, 33], [38, 34], [38, 35], [38, 36], [39, 28], [39, 29], [39, 30], [39, 31], [39, 32], [40, 28], [40, 29], [40, 30], [40, 31], [40, 32], [41, 28], [41, 29], [42, 28], [42, 29], [43, 28], [43, 29], [44, 28], [44, 29], [45, 28], [45, 29], [46, 28], [46, 29]]
Actions [[37, 33, 'VD']]
Realizing [37, 33, 'VD']
[[37, 33], [37, 34], [37, 36], [37, 37], [38, 28], [38, 29], [38, 30], [38, 31], [38, 32], [38, 33], [38, 34], [38, 35], [38, 36], [39, 28], [39, 29], [39, 30], [39, 31], [39, 32], [40, 28], [40, 29], [40, 30], [40, 31], [40, 32], [41, 28], [41, 29], [42, 28], [42, 29], [43, 28], [43, 29], [44, 28], [44, 29], [45, 28], [45, 29], [46, 28], [46, 29]]
Actions [[37, 33, 'VD']]
Realizing [37, 33, 'VD']
[[37, 33], [37, 34], [37, 36], [37, 37], [38, 28], [38, 29], [38, 30], [38, 31], [38, 32], [38, 33], [38, 34], [38, 35], [38, 36], [39, 28], [39, 29], [39, 30], [39, 31], [39, 32], [40, 28], [40, 29], [40, 30], [40, 31], [40, 32], [41, 28], [41, 29], [42, 28], [42, 29], [43, 28], [43, 29], [44, 28], [44, 29], [45, 28], [45, 29], [46, 28], [46, 29]]
Actions [[37, 33, 'VD']]
Realizing [37, 33, 'VD']
[[37, 33], [37, 34], [37, 36], [37, 37], [38, 28], [38, 29], [38, 30], [38, 31], [38, 32], [38, 33], [38, 34], [38, 35], [38, 36], [39, 28], [39, 29], [39, 30], [39, 31], [39, 32], [40, 28], [40, 29], [40, 30], [40, 31], [40, 32], [41, 28], [41, 29], [42, 28], [42, 29], [43, 28], [43, 29], [44, 28], [44, 29], [45, 28], [45, 29], [46, 28], [46, 29]]
Actions [[37, 33, 'VD']]
Realizing [37, 33, 'VD']
[[37, 33], [37, 34], [37, 36], [37, 37], [38, 28], [38, 29], [38, 30], [38, 31], [38, 32], [38, 33], [38, 34], [38, 35], [38, 36], [39, 28], [39, 29], [39, 30], [39, 31], [39, 32], [40, 28], [40, 29], [40, 30], [40, 31], [40, 32], [41, 28], [41, 29], [42, 28], [42, 29], [43, 28], [43, 29], [44, 28], [44, 29], [45, 28], [45, 29], [46, 28], [46, 29]]
Actions [[37, 33, 'VD']]
Realizing [37, 33, 'VD']
[[37, 33], [37, 34], [37, 36], [37, 37], [38, 28], [38, 29], [38, 30], [38, 31], [38, 32], [38, 33], [38, 34], [38, 35], [38, 36], [39, 28], [39, 29], [39, 30], [39, 31], [39, 32], [40, 28], [40, 29], [40, 30], [40, 31], [40, 32], [41, 28], [41, 29], [42, 28], [42, 29], [43, 28], [43, 29], [44, 28], [44, 29], [45, 28], [45, 29], [46, 28], [46, 29]]
Actions [[37, 33, 'VD']]
Realizing [37, 33, 'VD']
[[37, 33], [37, 34], [37, 36], [37, 37], [38, 28], [38, 29], [38, 30], [38, 31], [38, 32], [38, 33], [38, 34], [38, 35], [38, 36], [39, 28], [39, 29], [39, 30], [39, 31], [39, 32], [40, 28], [40, 29], [40, 30], [40, 31], [40, 32], [41, 28], [41, 29], [42, 28], [42, 29], [43, 28], [43, 29], [44, 28], [44, 29], [45, 28], [45, 29], [46, 28], [46, 29]]
Actions [[37, 33, 'VD']]
Realizing [37, 33, 'VD']
[[37, 33], [37, 34], [37, 36], [37, 37], [38, 28], [38, 29], [38, 30], [38, 31], [38, 32], [38, 33], [38, 34], [38, 35], [38, 36], [39, 28], [39, 29], [39, 30], [39, 31], [39, 32], [40, 28], [40, 29], [40, 30], [40, 31], [40, 32], [41, 28], [41, 29], [42, 28], [42, 29], [43, 28], [43, 29], [44, 28], [44, 29], [45, 28], [45, 29], [46, 28], [46, 29]]
Actions [[37, 34, 'FB'], [37, 34, 'FE']]
Realizing [37, 34, 'FB']
[[37, 34], [37, 36], [37, 37], [38, 28], [38, 29], [38, 30], [38, 31], [38, 32], [38, 33], [38, 34], [38, 35], [38, 36], [39, 28], [39, 29], [39, 30], [39, 31], [39, 32], [40, 28], [40, 29], [40, 30], [40, 31], [40, 32], [41, 28], [41, 29], [42, 28], [42, 29], [43, 28], [43, 29], [44, 28], [44, 29], [45, 28], [45, 29], [46, 28], [46, 29]]
Realizing [37, 34, 'FE']
[[37, 34], [37, 36], [37, 37], [38, 28], [38, 29], [38, 30], [38, 31], [38, 32], [38, 33], [38, 34], [38, 35], [38, 36], [39, 28], [39, 29], [39, 30], [39, 31], [39, 32], [40, 28], [40, 29], [40, 30], [40, 31], [40, 32], [41, 28], [41, 29], [42, 28], [42, 29], [43, 28], [43, 29], [44, 28], [44, 29], [45, 28], [45, 29], [46, 28], [46, 29]]
Actions [[37, 34, 'FE']]
Realizing [37, 34, 'FE']
[[37, 34], [37, 36], [37, 37], [38, 28], [38, 29], [38, 30], [38, 31], [38, 32], [38, 33], [38, 34], [38, 35], [38, 36], [39, 28], [39, 29], [39, 30], [39, 31], [39, 32], [40, 28], [40, 29], [40, 30], [40, 31], [40, 32], [41, 28], [41, 29], [42, 28], [42, 29], [43, 28], [43, 29], [44, 28], [44, 29], [45, 28], [45, 29], [46, 28], [46, 29]]
Actions [[37, 34, 'FE']]
Realizing [37, 34, 'FE']
[[37, 34], [37, 36], [37, 37], [38, 28], [38, 29], [38, 30], [38, 31], [38, 32], [38, 33], [38, 34], [38, 35], [38, 36], [39, 28], [39, 29], [39, 30], [39, 31], [39, 32], [40, 28], [40, 29], [40, 30], [40, 31], [40, 32], [41, 28], [41, 29], [42, 28], [42, 29], [43, 28], [43, 29], [44, 28], [44, 29], [45, 28], [45, 29], [46, 28], [46, 29]]
Actions [[37, 34, 'FE']]
Realizing [37, 34, 'FE']
[[37, 34], [37, 36], [37, 37], [38, 28], [38, 29], [38, 30], [38, 31], [38, 32], [38, 33], [38, 34], [38, 35], [38, 36], [39, 28], [39, 29], [39, 30], [39, 31], [39, 32], [40, 28], [40, 29], [40, 30], [40, 31], [40, 32], [41, 28], [41, 29], [42, 28], [42, 29], [43, 28], [43, 29], [44, 28], [44, 29], [45, 28], [45, 29], [46, 28], [46, 29]]
Actions [[37, 34, 'FE']]
Realizing [37, 34, 'FE']
[[37, 34], [37, 36], [37, 37], [38, 28], [38, 29], [38, 30], [38, 31], [38, 32], [38, 33], [38, 34], [38, 35], [38, 36], [39, 28], [39, 29], [39, 30], [39, 31], [39, 32], [40, 28], [40, 29], [40, 30], [40, 31], [40, 32], [41, 28], [41, 29], [42, 28], [42, 29], [43, 28], [43, 29], [44, 28], [44, 29], [45, 28], [45, 29], [46, 28], [46, 29]]
Actions [[37, 34, 'FE']]
Realizing [37, 34, 'FE']
[[37, 34], [37, 36], [37, 37], [38, 28], [38, 29], [38, 30], [38, 31], [38, 32], [38, 33], [38, 34], [38, 35], [38, 36], [39, 28], [39, 29], [39, 30], [39, 31], [39, 32], [40, 28], [40, 29], [40, 30], [40, 31], [40, 32], [41, 28], [41, 29], [42, 28], [42, 29], [43, 28], [43, 29], [44, 28], [44, 29], [45, 28], [45, 29], [46, 28], [46, 29]]
Actions [[37, 34, 'FE']]
Realizing [37, 34, 'FE']
[[37, 34], [37, 36], [37, 37], [38, 28], [38, 29], [38, 30], [38, 31], [38, 32], [38, 33], [38, 34], [38, 35], [38, 36], [39, 28], [39, 29], [39, 30], [39, 31], [39, 32], [40, 28], [40, 29], [40, 30], [40, 31], [40, 32], [41, 28], [41, 29], [42, 28], [42, 29], [43, 28], [43, 29], [44, 28], [44, 29], [45, 28], [45, 29], [46, 28], [46, 29]]
Actions [[37, 34, 'FE']]
Realizing [37, 34, 'FE']
[[37, 34], [37, 36], [37, 37], [38, 28], [38, 29], [38, 30], [38, 31], [38, 32], [38, 33], [38, 34], [38, 35], [38, 36], [39, 28], [39, 29], [39, 30], [39, 31], [39, 32], [40, 28], [40, 29], [40, 30], [40, 31], [40, 32], [41, 28], [41, 29], [42, 28], [42, 29], [43, 28], [43, 29], [44, 28], [44, 29], [45, 28], [45, 29], [46, 28], [46, 29]]
Actions [[37, 34, 'FE']]
Realizing [37, 34, 'FE']
[[37, 34], [37, 36], [37, 37], [38, 28], [38, 29], [38, 30], [38, 31], [38, 32], [38, 33], [38, 34], [38, 35], [38, 36], [39, 28], [39, 29], [39, 30], [39, 31], [39, 32], [40, 28], [40, 29], [40, 30], [40, 31], [40, 32], [41, 28], [41, 29], [42, 28], [42, 29], [43, 28], [43, 29], [44, 28], [44, 29], [45, 28], [45, 29], [46, 28], [46, 29]]
Actions [[37, 34, 'FE']]
Realizing [37, 34, 'FE']
[[37, 34], [37, 36], [37, 37], [38, 28], [38, 29], [38, 30], [38, 31], [38, 32], [38, 33], [38, 34], [38, 35], [38, 36], [39, 28], [39, 29], [39, 30], [39, 31], [39, 32], [40, 28], [40, 29], [40, 30], [40, 31], [40, 32], [41, 28], [41, 29], [42, 28], [42, 29], [43, 28], [43, 29], [44, 28], [44, 29], [45, 28], [45, 29], [46, 28], [46, 29]]
Actions [[37, 36, 'VB'], [37, 36, 'VD']]
Realizing [37, 36, 'VB']
[[37, 36], [37, 37], [38, 28], [38, 29], [38, 30], [38, 31], [38, 32], [38, 33], [38, 34], [38, 35], [38, 36], [39, 28], [39, 29], [39, 30], [39, 31], [39, 32], [40, 28], [40, 29], [40, 30], [40, 31], [40, 32], [41, 28], [41, 29], [42, 28], [42, 29], [43, 28], [43, 29], [44, 28], [44, 29], [45, 28], [45, 29], [46, 28], [46, 29]]
Realizing [37, 36, 'VD']
[[37, 36], [37, 37], [38, 28], [38, 29], [38, 30], [38, 31], [38, 32], [38, 33], [38, 34], [38, 35], [38, 36], [39, 28], [39, 29], [39, 30], [39, 31], [39, 32], [40, 28], [40, 29], [40, 30], [40, 31], [40, 32], [41, 28], [41, 29], [42, 28], [42, 29], [43, 28], [43, 29], [44, 28], [44, 29], [45, 28], [45, 29], [46, 28], [46, 29]]
Actions [[37, 36, 'VD']]
Realizing [37, 36, 'VD']
[[37, 36], [37, 37], [38, 28], [38, 29], [38, 30], [38, 31], [38, 32], [38, 33], [38, 34], [38, 35], [38, 36], [39, 28], [39, 29], [39, 30], [39, 31], [39, 32], [40, 28], [40, 29], [40, 30], [40, 31], [40, 32], [41, 28], [41, 29], [42, 28], [42, 29], [43, 28], [43, 29], [44, 28], [44, 29], [45, 28], [45, 29], [46, 28], [46, 29]]
Actions [[37, 36, 'VD']]
Realizing [37, 36, 'VD']
[[37, 36], [37, 37], [38, 28], [38, 29], [38, 30], [38, 31], [38, 32], [38, 33], [38, 34], [38, 35], [38, 36], [39, 28], [39, 29], [39, 30], [39, 31], [39, 32], [40, 28], [40, 29], [40, 30], [40, 31], [40, 32], [41, 28], [41, 29], [42, 28], [42, 29], [43, 28], [43, 29], [44, 28], [44, 29], [45, 28], [45, 29], [46, 28], [46, 29]]
Actions [[37, 36, 'VD']]
Realizing [37, 36, 'VD']
[[37, 36], [37, 37], [38, 28], [38, 29], [38, 30], [38, 31], [38, 32], [38, 33], [38, 34], [38, 35], [38, 36], [39, 28], [39, 29], [39, 30], [39, 31], [39, 32], [40, 28], [40, 29], [40, 30], [40, 31], [40, 32], [41, 28], [41, 29], [42, 28], [42, 29], [43, 28], [43, 29], [44, 28], [44, 29], [45, 28], [45, 29], [46, 28], [46, 29]]
Actions [[37, 36, 'VD']]
Realizing [37, 36, 'VD']
[[37, 36], [37, 37], [38, 28], [38, 29], [38, 30], [38, 31], [38, 32], [38, 33], [38, 34], [38, 35], [38, 36], [39, 28], [39, 29], [39, 30], [39, 31], [39, 32], [40, 28], [40, 29], [40, 30], [40, 31], [40, 32], [41, 28], [41, 29], [42, 28], [42, 29], [43, 28], [43, 29], [44, 28], [44, 29], [45, 28], [45, 29], [46, 28], [46, 29]]
Actions [[37, 36, 'VD']]
Realizing [37, 36, 'VD']
[[37, 36], [37, 37], [38, 28], [38, 29], [38, 30], [38, 31], [38, 32], [38, 33], [38, 34], [38, 35], [38, 36], [39, 28], [39, 29], [39, 30], [39, 31], [39, 32], [40, 28], [40, 29], [40, 30], [40, 31], [40, 32], [41, 28], [41, 29], [42, 28], [42, 29], [43, 28], [43, 29], [44, 28], [44, 29], [45, 28], [45, 29], [46, 28], [46, 29]]
Actions [[37, 36, 'VD']]
Realizing [37, 36, 'VD']
[[37, 36], [37, 37], [38, 28], [38, 29], [38, 30], [38, 31], [38, 32], [38, 33], [38, 34], [38, 35], [38, 36], [39, 28], [39, 29], [39, 30], [39, 31], [39, 32], [40, 28], [40, 29], [40, 30], [40, 31], [40, 32], [41, 28], [41, 29], [42, 28], [42, 29], [43, 28], [43, 29], [44, 28], [44, 29], [45, 28], [45, 29], [46, 28], [46, 29]]
Actions [[37, 36, 'VD']]
Realizing [37, 36, 'VD']
[[37, 36], [37, 37], [38, 28], [38, 29], [38, 30], [38, 31], [38, 32], [38, 33], [38, 34], [38, 35], [38, 36], [39, 28], [39, 29], [39, 30], [39, 31], [39, 32], [40, 28], [40, 29], [40, 30], [40, 31], [40, 32], [41, 28], [41, 29], [42, 28], [42, 29], [43, 28], [43, 29], [44, 28], [44, 29], [45, 28], [45, 29], [46, 28], [46, 29]]
Actions [[37, 36, 'VD']]
Realizing [37, 36, 'VD']
[[37, 36], [37, 37], [38, 28], [38, 29], [38, 30], [38, 31], [38, 32], [38, 33], [38, 34], [38, 35], [38, 36], [39, 28], [39, 29], [39, 30], [39, 31], [39, 32], [40, 28], [40, 29], [40, 30], [40, 31], [40, 32], [41, 28], [41, 29], [42, 28], [42, 29], [43, 28], [43, 29], [44, 28], [44, 29], [45, 28], [45, 29], [46, 28], [46, 29]]
Actions [[37, 36, 'VD']]
Realizing [37, 36, 'VD']
[[37, 36], [37, 37], [38, 28], [38, 29], [38, 30], [38, 31], [38, 32], [38, 33], [38, 34], [38, 35], [38, 36], [39, 28], [39, 29], [39, 30], [39, 31], [39, 32], [40, 28], [40, 29], [40, 30], [40, 31], [40, 32], [41, 28], [41, 29], [42, 28], [42, 29], [43, 28], [43, 29], [44, 28], [44, 29], [45, 28], [45, 29], [46, 28], [46, 29]]
Actions [[37, 36, 'VD']]
Realizing [37, 36, 'VD']
[[37, 36], [37, 37], [38, 28], [38, 29], [38, 30], [38, 31], [38, 32], [38, 33], [38, 34], [38, 35], [38, 36], [39, 28], [39, 29], [39, 30], [39, 31], [39, 32], [40, 28], [40, 29], [40, 30], [40, 31], [40, 32], [41, 28], [41, 29], [42, 28], [42, 29], [43, 28], [43, 29], [44, 28], [44, 29], [45, 28], [45, 29], [46, 28], [46, 29]]
Actions [[37, 37, 'BB'], [37, 37, 'BD']]
Realizing [37, 37, 'BB']
[[37, 37], [38, 28], [38, 29], [38, 30], [38, 31], [38, 32], [38, 33], [38, 34], [38, 35], [38, 36], [39, 28], [39, 29], [39, 30], [39, 31], [39, 32], [40, 28], [40, 29], [40, 30], [40, 31], [40, 32], [41, 28], [41, 29], [42, 28], [42, 29], [43, 28], [43, 29], [44, 28], [44, 29], [45, 28], [45, 29], [46, 28], [46, 29]]
Realizing [37, 37, 'BD']
[[37, 37], [38, 28], [38, 29], [38, 30], [38, 31], [38, 32], [38, 33], [38, 34], [38, 35], [38, 36], [39, 28], [39, 29], [39, 30], [39, 31], [39, 32], [40, 28], [40, 29], [40, 30], [40, 31], [40, 32], [41, 28], [41, 29], [42, 28], [42, 29], [43, 28], [43, 29], [44, 28], [44, 29], [45, 28], [45, 29], [46, 28], [46, 29]]
Actions [[37, 37, 'BD']]
Realizing [37, 37, 'BD']
[[37, 37], [38, 28], [38, 29], [38, 30], [38, 31], [38, 32], [38, 33], [38, 34], [38, 35], [38, 36], [39, 28], [39, 29], [39, 30], [39, 31], [39, 32], [40, 28], [40, 29], [40, 30], [40, 31], [40, 32], [41, 28], [41, 29], [42, 28], [42, 29], [43, 28], [43, 29], [44, 28], [44, 29], [45, 28], [45, 29], [46, 28], [46, 29]]
Actions [[37, 37, 'BD']]
Realizing [37, 37, 'BD']
[[37, 37], [38, 28], [38, 29], [38, 30], [38, 31], [38, 32], [38, 33], [38, 34], [38, 35], [38, 36], [39, 28], [39, 29], [39, 30], [39, 31], [39, 32], [40, 28], [40, 29], [40, 30], [40, 31], [40, 32], [41, 28], [41, 29], [42, 28], [42, 29], [43, 28], [43, 29], [44, 28], [44, 29], [45, 28], [45, 29], [46, 28], [46, 29]]
Actions [[37, 37, 'BD']]
Realizing [37, 37, 'BD']
[[37, 37], [38, 28], [38, 29], [38, 30], [38, 31], [38, 32], [38, 33], [38, 34], [38, 35], [38, 36], [39, 28], [39, 29], [39, 30], [39, 31], [39, 32], [40, 28], [40, 29], [40, 30], [40, 31], [40, 32], [41, 28], [41, 29], [42, 28], [42, 29], [43, 28], [43, 29], [44, 28], [44, 29], [45, 28], [45, 29], [46, 28], [46, 29]]
Actions [[37, 37, 'BD']]
Realizing [37, 37, 'BD']
[[37, 37], [38, 28], [38, 29], [38, 30], [38, 31], [38, 32], [38, 33], [38, 34], [38, 35], [38, 36], [39, 28], [39, 29], [39, 30], [39, 31], [39, 32], [40, 28], [40, 29], [40, 30], [40, 31], [40, 32], [41, 28], [41, 29], [42, 28], [42, 29], [43, 28], [43, 29], [44, 28], [44, 29], [45, 28], [45, 29], [46, 28], [46, 29]]
Actions [[37, 37, 'BD']]
Realizing [37, 37, 'BD']
[[37, 37], [38, 28], [38, 29], [38, 30], [38, 31], [38, 32], [38, 33], [38, 34], [38, 35], [38, 36], [39, 28], [39, 29], [39, 30], [39, 31], [39, 32], [40, 28], [40, 29], [40, 30], [40, 31], [40, 32], [41, 28], [41, 29], [42, 28], [42, 29], [43, 28], [43, 29], [44, 28], [44, 29], [45, 28], [45, 29], [46, 28], [46, 29]]
Actions [[37, 37, 'BD']]
Realizing [37, 37, 'BD']
[[37, 37], [38, 28], [38, 29], [38, 30], [38, 31], [38, 32], [38, 33], [38, 34], [38, 35], [38, 36], [39, 28], [39, 29], [39, 30], [39, 31], [39, 32], [40, 28], [40, 29], [40, 30], [40, 31], [40, 32], [41, 28], [41, 29], [42, 28], [42, 29], [43, 28], [43, 29], [44, 28], [44, 29], [45, 28], [45, 29], [46, 28], [46, 29]]
Actions [[37, 37, 'BD']]
Realizing [37, 37, 'BD']
[[37, 37], [38, 28], [38, 29], [38, 30], [38, 31], [38, 32], [38, 33], [38, 34], [38, 35], [38, 36], [39, 28], [39, 29], [39, 30], [39, 31], [39, 32], [40, 28], [40, 29], [40, 30], [40, 31], [40, 32], [41, 28], [41, 29], [42, 28], [42, 29], [43, 28], [43, 29], [44, 28], [44, 29], [45, 28], [45, 29], [46, 28], [46, 29]]
Actions [[37, 37, 'BD']]
Realizing [37, 37, 'BD']
[[37, 37], [38, 28], [38, 29], [38, 30], [38, 31], [38, 32], [38, 33], [38, 34], [38, 35], [38, 36], [39, 28], [39, 29], [39, 30], [39, 31], [39, 32], [40, 28], [40, 29], [40, 30], [40, 31], [40, 32], [41, 28], [41, 29], [42, 28], [42, 29], [43, 28], [43, 29], [44, 28], [44, 29], [45, 28], [45, 29], [46, 28], [46, 29]]
Actions [[37, 37, 'BD']]
Realizing [37, 37, 'BD']
[[37, 37], [38, 28], [38, 29], [38, 30], [38, 31], [38, 32], [38, 33], [38, 34], [38, 35], [38, 36], [39, 28], [39, 29], [39, 30], [39, 31], [39, 32], [40, 28], [40, 29], [40, 30], [40, 31], [40, 32], [41, 28], [41, 29], [42, 28], [42, 29], [43, 28], [43, 29], [44, 28], [44, 29], [45, 28], [45, 29], [46, 28], [46, 29]]
Actions [[37, 37, 'BD']]
Realizing [37, 37, 'BD']
[[37, 37], [38, 28], [38, 29], [38, 30], [38, 31], [38, 32], [38, 33], [38, 34], [38, 35], [38, 36], [39, 28], [39, 29], [39, 30], [39, 31], [39, 32], [40, 28], [40, 29], [40, 30], [40, 31], [40, 32], [41, 28], [41, 29], [42, 28], [42, 29], [43, 28], [43, 29], [44, 28], [44, 29], [45, 28], [45, 29], [46, 28], [46, 29]]
Actions [[37, 37, 'BD']]
Realizing [37, 37, 'BD']
[[37, 37], [38, 28], [38, 29], [38, 30], [38, 31], [38, 32], [38, 33], [38, 34], [38, 35], [38, 36], [39, 28], [39, 29], [39, 30], [39, 31], [39, 32], [40, 28], [40, 29], [40, 30], [40, 31], [40, 32], [41, 28], [41, 29], [42, 28], [42, 29], [43, 28], [43, 29], [44, 28], [44, 29], [45, 28], [45, 29], [46, 28], [46, 29]]
Actions [[38, 28, 'BC'], [38, 28, 'BB'], [38, 28, 'BE']]
Realizing [38, 28, 'BC']
[[38, 28], [38, 29], [38, 30], [38, 31], [38, 32], [38, 33], [38, 34], [38, 35], [38, 36], [39, 28], [39, 29], [39, 30], [39, 31], [39, 32], [40, 28], [40, 29], [40, 30], [40, 31], [40, 32], [41, 28], [41, 29], [42, 28], [42, 29], [43, 28], [43, 29], [44, 28], [44, 29], [45, 28], [45, 29], [46, 28], [46, 29]]
Realizing [38, 28, 'BB']
[[38, 28], [38, 29], [38, 30], [38, 31], [38, 32], [38, 33], [38, 34], [38, 35], [38, 36], [39, 28], [39, 29], [39, 30], [39, 31], [39, 32], [40, 28], [40, 29], [40, 30], [40, 31], [40, 32], [41, 28], [41, 29], [42, 28], [42, 29], [43, 28], [43, 29], [44, 28], [44, 29], [45, 28], [45, 29], [46, 28], [46, 29]]
Realizing [38, 28, 'BE']
[[38, 28], [38, 29], [38, 30], [38, 31], [38, 32], [38, 33], [38, 34], [38, 35], [38, 36], [39, 28], [39, 29], [39, 30], [39, 31], [39, 32], [40, 28], [40, 29], [40, 30], [40, 31], [40, 32], [41, 28], [41, 29], [42, 28], [42, 29], [43, 28], [43, 29], [44, 28], [44, 29], [45, 28], [45, 29], [46, 28], [46, 29]]
Actions [[38, 28, 'BE']]
Realizing [38, 28, 'BE']
[[38, 28], [38, 29], [38, 30], [38, 31], [38, 32], [38, 33], [38, 34], [38, 35], [38, 36], [39, 28], [39, 29], [39, 30], [39, 31], [39, 32], [40, 28], [40, 29], [40, 30], [40, 31], [40, 32], [41, 28], [41, 29], [42, 28], [42, 29], [43, 28], [43, 29], [44, 28], [44, 29], [45, 28], [45, 29], [46, 28], [46, 29]]
Actions [[38, 28, 'BE']]
Realizing [38, 28, 'BE']
[[38, 28], [38, 29], [38, 30], [38, 31], [38, 32], [38, 33], [38, 34], [38, 35], [38, 36], [39, 28], [39, 29], [39, 30], [39, 31], [39, 32], [40, 28], [40, 29], [40, 30], [40, 31], [40, 32], [41, 28], [41, 29], [42, 28], [42, 29], [43, 28], [43, 29], [44, 28], [44, 29], [45, 28], [45, 29], [46, 28], [46, 29]]
Actions [[38, 28, 'BE']]
Realizing [38, 28, 'BE']
[[38, 28], [38, 29], [38, 30], [38, 31], [38, 32], [38, 33], [38, 34], [38, 35], [38, 36], [39, 28], [39, 29], [39, 30], [39, 31], [39, 32], [40, 28], [40, 29], [40, 30], [40, 31], [40, 32], [41, 28], [41, 29], [42, 28], [42, 29], [43, 28], [43, 29], [44, 28], [44, 29], [45, 28], [45, 29], [46, 28], [46, 29]]
Actions [[38, 28, 'BE']]
Realizing [38, 28, 'BE']
[[38, 28], [38, 29], [38, 30], [38, 31], [38, 32], [38, 33], [38, 34], [38, 35], [38, 36], [39, 28], [39, 29], [39, 30], [39, 31], [39, 32], [40, 28], [40, 29], [40, 30], [40, 31], [40, 32], [41, 28], [41, 29], [42, 28], [42, 29], [43, 28], [43, 29], [44, 28], [44, 29], [45, 28], [45, 29], [46, 28], [46, 29]]
Actions [[38, 28, 'BE']]
Realizing [38, 28, 'BE']
[[38, 28], [38, 29], [38, 30], [38, 31], [38, 32], [38, 33], [38, 34], [38, 35], [38, 36], [39, 28], [39, 29], [39, 30], [39, 31], [39, 32], [40, 28], [40, 29], [40, 30], [40, 31], [40, 32], [41, 28], [41, 29], [42, 28], [42, 29], [43, 28], [43, 29], [44, 28], [44, 29], [45, 28], [45, 29], [46, 28], [46, 29]]
Actions [[38, 28, 'BE']]
Realizing [38, 28, 'BE']
[[38, 28], [38, 29], [38, 30], [38, 31], [38, 32], [38, 33], [38, 34], [38, 35], [38, 36], [39, 28], [39, 29], [39, 30], [39, 31], [39, 32], [40, 28], [40, 29], [40, 30], [40, 31], [40, 32], [41, 28], [41, 29], [42, 28], [42, 29], [43, 28], [43, 29], [44, 28], [44, 29], [45, 28], [45, 29], [46, 28], [46, 29]]
Actions [[38, 28, 'BE']]
Realizing [38, 28, 'BE']
[[38, 28], [38, 29], [38, 30], [38, 31], [38, 32], [38, 33], [38, 34], [38, 35], [38, 36], [39, 28], [39, 29], [39, 30], [39, 31], [39, 32], [40, 28], [40, 29], [40, 30], [40, 31], [40, 32], [41, 28], [41, 29], [42, 28], [42, 29], [43, 28], [43, 29], [44, 28], [44, 29], [45, 28], [45, 29], [46, 28], [46, 29]]
Actions [[38, 28, 'BE']]
Realizing [38, 28, 'BE']
[[38, 28], [38, 29], [38, 30], [38, 31], [38, 32], [38, 33], [38, 34], [38, 35], [38, 36], [39, 28], [39, 29], [39, 30], [39, 31], [39, 32], [40, 28], [40, 29], [40, 30], [40, 31], [40, 32], [41, 28], [41, 29], [42, 28], [42, 29], [43, 28], [43, 29], [44, 28], [44, 29], [45, 28], [45, 29], [46, 28], [46, 29]]
Actions [[38, 28, 'BE']]
Realizing [38, 28, 'BE']
[[38, 28], [38, 29], [38, 30], [38, 31], [38, 32], [38, 33], [38, 34], [38, 35], [38, 36], [39, 28], [39, 29], [39, 30], [39, 31], [39, 32], [40, 28], [40, 29], [40, 30], [40, 31], [40, 32], [41, 28], [41, 29], [42, 28], [42, 29], [43, 28], [43, 29], [44, 28], [44, 29], [45, 28], [45, 29], [46, 28], [46, 29]]
Actions [[38, 28, 'BE']]
Realizing [38, 28, 'BE']
[[38, 28], [38, 29], [38, 30], [38, 31], [38, 32], [38, 33], [38, 34], [38, 35], [38, 36], [39, 28], [39, 29], [39, 30], [39, 31], [39, 32], [40, 28], [40, 29], [40, 30], [40, 31], [40, 32], [41, 28], [41, 29], [42, 28], [42, 29], [43, 28], [43, 29], [44, 28], [44, 29], [45, 28], [45, 29], [46, 28], [46, 29]]
Actions [[38, 28, 'BE']]
Realizing [38, 28, 'BE']
[[38, 28], [38, 29], [38, 30], [38, 31], [38, 32], [38, 33], [38, 34], [38, 35], [38, 36], [39, 28], [39, 29], [39, 30], [39, 31], [39, 32], [40, 28], [40, 29], [40, 30], [40, 31], [40, 32], [41, 28], [41, 29], [42, 28], [42, 29], [43, 28], [43, 29], [44, 28], [44, 29], [45, 28], [45, 29], [46, 28], [46, 29]]
Actions [[38, 28, 'BE']]
Realizing [38, 28, 'BE']
[[38, 28], [38, 29], [38, 30], [38, 31], [38, 32], [38, 33], [38, 34], [38, 35], [38, 36], [39, 28], [39, 29], [39, 30], [39, 31], [39, 32], [40, 28], [40, 29], [40, 30], [40, 31], [40, 32], [41, 28], [41, 29], [42, 28], [42, 29], [43, 28], [43, 29], [44, 28], [44, 29], [45, 28], [45, 29], [46, 28], [46, 29]]
Actions [[38, 29, 'VC'], [38, 29, 'VB'], [38, 29, 'VD'], [38, 29, 'VE']]
Realizing [38, 29, 'VC']
[[38, 29], [38, 30], [38, 31], [38, 32], [38, 33], [38, 34], [38, 35], [38, 36], [39, 28], [39, 29], [39, 30], [39, 31], [39, 32], [40, 28], [40, 29], [40, 30], [40, 31], [40, 32], [41, 28], [41, 29], [42, 28], [42, 29], [43, 28], [43, 29], [44, 28], [44, 29], [45, 28], [45, 29], [46, 28], [46, 29]]
Realizing [38, 29, 'VB']
[[38, 29], [38, 30], [38, 31], [38, 32], [38, 33], [38, 34], [38, 35], [38, 36], [39, 28], [39, 29], [39, 30], [39, 31], [39, 32], [40, 28], [40, 29], [40, 30], [40, 31], [40, 32], [41, 28], [41, 29], [42, 28], [42, 29], [43, 28], [43, 29], [44, 28], [44, 29], [45, 28], [45, 29], [46, 28], [46, 29]]
Realizing [38, 29, 'VD']
[[38, 29], [38, 30], [38, 31], [38, 32], [38, 33], [38, 34], [38, 35], [38, 36], [39, 28], [39, 29], [39, 30], [39, 31], [39, 32], [40, 28], [40, 29], [40, 30], [40, 31], [40, 32], [41, 28], [41, 29], [42, 28], [42, 29], [43, 28], [43, 29], [44, 28], [44, 29], [45, 28], [45, 29], [46, 28], [46, 29]]
Realizing [38, 29, 'VE']
[[38, 29], [38, 30], [38, 31], [38, 32], [38, 33], [38, 34], [38, 35], [38, 36], [39, 28], [39, 29], [39, 30], [39, 31], [39, 32], [40, 28], [40, 29], [40, 30], [40, 31], [40, 32], [41, 28], [41, 29], [42, 28], [42, 29], [43, 28], [43, 29], [44, 28], [44, 29], [45, 28], [45, 29], [46, 28], [46, 29]]
Actions [[38, 29, 'VE']]
Realizing [38, 29, 'VE']
[[38, 29], [38, 30], [38, 31], [38, 32], [38, 33], [38, 34], [38, 35], [38, 36], [39, 28], [39, 29], [39, 30], [39, 31], [39, 32], [40, 28], [40, 29], [40, 30], [40, 31], [40, 32], [41, 28], [41, 29], [42, 28], [42, 29], [43, 28], [43, 29], [44, 28], [44, 29], [45, 28], [45, 29], [46, 28], [46, 29]]
Actions [[38, 29, 'VE']]
Realizing [38, 29, 'VE']
[[38, 29], [38, 30], [38, 31], [38, 32], [38, 33], [38, 34], [38, 35], [38, 36], [39, 28], [39, 29], [39, 30], [39, 31], [39, 32], [40, 28], [40, 29], [40, 30], [40, 31], [40, 32], [41, 28], [41, 29], [42, 28], [42, 29], [43, 28], [43, 29], [44, 28], [44, 29], [45, 28], [45, 29], [46, 28], [46, 29]]
Actions [[38, 29, 'VE']]
Realizing [38, 29, 'VE']
[[38, 29], [38, 30], [38, 31], [38, 32], [38, 33], [38, 34], [38, 35], [38, 36], [39, 28], [39, 29], [39, 30], [39, 31], [39, 32], [40, 28], [40, 29], [40, 30], [40, 31], [40, 32], [41, 28], [41, 29], [42, 28], [42, 29], [43, 28], [43, 29], [44, 28], [44, 29], [45, 28], [45, 29], [46, 28], [46, 29]]
Actions [[38, 29, 'VE']]
Realizing [38, 29, 'VE']
[[38, 29], [38, 30], [38, 31], [38, 32], [38, 33], [38, 34], [38, 35], [38, 36], [39, 28], [39, 29], [39, 30], [39, 31], [39, 32], [40, 28], [40, 29], [40, 30], [40, 31], [40, 32], [41, 28], [41, 29], [42, 28], [42, 29], [43, 28], [43, 29], [44, 28], [44, 29], [45, 28], [45, 29], [46, 28], [46, 29]]
Actions [[38, 29, 'VE']]
Realizing [38, 29, 'VE']
[[38, 29], [38, 30], [38, 31], [38, 32], [38, 33], [38, 34], [38, 35], [38, 36], [39, 28], [39, 29], [39, 30], [39, 31], [39, 32], [40, 28], [40, 29], [40, 30], [40, 31], [40, 32], [41, 28], [41, 29], [42, 28], [42, 29], [43, 28], [43, 29], [44, 28], [44, 29], [45, 28], [45, 29], [46, 28], [46, 29]]
Actions [[38, 29, 'VE']]
Realizing [38, 29, 'VE']
[[38, 29], [38, 30], [38, 31], [38, 32], [38, 33], [38, 34], [38, 35], [38, 36], [39, 28], [39, 29], [39, 30], [39, 31], [39, 32], [40, 28], [40, 29], [40, 30], [40, 31], [40, 32], [41, 28], [41, 29], [42, 28], [42, 29], [43, 28], [43, 29], [44, 28], [44, 29], [45, 28], [45, 29], [46, 28], [46, 29]]
Actions [[38, 29, 'VE']]
Realizing [38, 29, 'VE']
[[38, 29], [38, 30], [38, 31], [38, 32], [38, 33], [38, 34], [38, 35], [38, 36], [39, 28], [39, 29], [39, 30], [39, 31], [39, 32], [40, 28], [40, 29], [40, 30], [40, 31], [40, 32], [41, 28], [41, 29], [42, 28], [42, 29], [43, 28], [43, 29], [44, 28], [44, 29], [45, 28], [45, 29], [46, 28], [46, 29]]
Actions [[38, 29, 'VE']]
Realizing [38, 29, 'VE']
[[38, 29], [38, 30], [38, 31], [38, 32], [38, 33], [38, 34], [38, 35], [38, 36], [39, 28], [39, 29], [39, 30], [39, 31], [39, 32], [40, 28], [40, 29], [40, 30], [40, 31], [40, 32], [41, 28], [41, 29], [42, 28], [42, 29], [43, 28], [43, 29], [44, 28], [44, 29], [45, 28], [45, 29], [46, 28], [46, 29]]
Actions [[38, 29, 'VE']]
Realizing [38, 29, 'VE']
[[38, 29], [38, 30], [38, 31], [38, 32], [38, 33], [38, 34], [38, 35], [38, 36], [39, 28], [39, 29], [39, 30], [39, 31], [39, 32], [40, 28], [40, 29], [40, 30], [40, 31], [40, 32], [41, 28], [41, 29], [42, 28], [42, 29], [43, 28], [43, 29], [44, 28], [44, 29], [45, 28], [45, 29], [46, 28], [46, 29]]
Actions [[38, 29, 'VE']]
Realizing [38, 29, 'VE']
[[38, 29], [38, 30], [38, 31], [38, 32], [38, 33], [38, 34], [38, 35], [38, 36], [39, 28], [39, 29], [39, 30], [39, 31], [39, 32], [40, 28], [40, 29], [40, 30], [40, 31], [40, 32], [41, 28], [41, 29], [42, 28], [42, 29], [43, 28], [43, 29], [44, 28], [44, 29], [45, 28], [45, 29], [46, 28], [46, 29]]
Actions [[38, 29, 'VE']]
Realizing [38, 29, 'VE']
[[38, 29], [38, 30], [38, 31], [38, 32], [38, 33], [38, 34], [38, 35], [38, 36], [39, 28], [39, 29], [39, 30], [39, 31], [39, 32], [40, 28], [40, 29], [40, 30], [40, 31], [40, 32], [41, 28], [41, 29], [42, 28], [42, 29], [43, 28], [43, 29], [44, 28], [44, 29], [45, 28], [45, 29], [46, 28], [46, 29]]
Actions [[38, 29, 'VE']]
Realizing [38, 29, 'VE']
[[38, 29], [38, 30], [38, 31], [38, 32], [38, 33], [38, 34], [38, 35], [38, 36], [39, 28], [39, 29], [39, 30], [39, 31], [39, 32], [40, 28], [40, 29], [40, 30], [40, 31], [40, 32], [41, 28], [41, 29], [42, 28], [42, 29], [43, 28], [43, 29], [44, 28], [44, 29], [45, 28], [45, 29], [46, 28], [46, 29]]
Actions [[38, 29, 'VE']]
Realizing [38, 29, 'VE']
[[38, 29], [38, 30], [38, 31], [38, 32], [38, 33], [38, 34], [38, 35], [38, 36], [39, 28], [39, 29], [39, 30], [39, 31], [39, 32], [40, 28], [40, 29], [40, 30], [40, 31], [40, 32], [41, 28], [41, 29], [42, 28], [42, 29], [43, 28], [43, 29], [44, 28], [44, 29], [45, 28], [45, 29], [46, 28], [46, 29]]
Actions [[38, 29, 'VE']]
Realizing [38, 29, 'VE']
[[38, 29], [38, 30], [38, 31], [38, 32], [38, 33], [38, 34], [38, 35], [38, 36], [39, 28], [39, 29], [39, 30], [39, 31], [39, 32], [40, 28], [40, 29], [40, 30], [40, 31], [40, 32], [41, 28], [41, 29], [42, 28], [42, 29], [43, 28], [43, 29], [44, 28], [44, 29], [45, 28], [45, 29], [46, 28], [46, 29]]
Actions [[38, 30, 'VC'], [38, 30, 'VB'], [38, 30, 'VD'], [38, 30, 'VE']]
Realizing [38, 30, 'VC']
[[38, 30], [38, 31], [38, 32], [38, 33], [38, 34], [38, 35], [38, 36], [39, 28], [39, 29], [39, 30], [39, 31], [39, 32], [40, 28], [40, 29], [40, 30], [40, 31], [40, 32], [41, 28], [41, 29], [42, 28], [42, 29], [43, 28], [43, 29], [44, 28], [44, 29], [45, 28], [45, 29], [46, 28], [46, 29]]
Realizing [38, 30, 'VB']
[[38, 30], [38, 31], [38, 32], [38, 33], [38, 34], [38, 35], [38, 36], [39, 28], [39, 29], [39, 30], [39, 31], [39, 32], [40, 28], [40, 29], [40, 30], [40, 31], [40, 32], [41, 28], [41, 29], [42, 28], [42, 29], [43, 28], [43, 29], [44, 28], [44, 29], [45, 28], [45, 29], [46, 28], [46, 29]]
Realizing [38, 30, 'VD']
[[38, 30], [38, 31], [38, 32], [38, 33], [38, 34], [38, 35], [38, 36], [39, 28], [39, 29], [39, 30], [39, 31], [39, 32], [40, 28], [40, 29], [40, 30], [40, 31], [40, 32], [41, 28], [41, 29], [42, 28], [42, 29], [43, 28], [43, 29], [44, 28], [44, 29], [45, 28], [45, 29], [46, 28], [46, 29]]
Realizing [38, 30, 'VE']
[[38, 30], [38, 31], [38, 32], [38, 33], [38, 34], [38, 35], [38, 36], [39, 28], [39, 29], [39, 30], [39, 31], [39, 32], [40, 28], [40, 29], [40, 30], [40, 31], [40, 32], [41, 28], [41, 29], [42, 28], [42, 29], [43, 28], [43, 29], [44, 28], [44, 29], [45, 28], [45, 29], [46, 28], [46, 29]]
Actions [[38, 30, 'VE']]
Realizing [38, 30, 'VE']
[[38, 30], [38, 31], [38, 32], [38, 33], [38, 34], [38, 35], [38, 36], [39, 28], [39, 29], [39, 30], [39, 31], [39, 32], [40, 28], [40, 29], [40, 30], [40, 31], [40, 32], [41, 28], [41, 29], [42, 28], [42, 29], [43, 28], [43, 29], [44, 28], [44, 29], [45, 28], [45, 29], [46, 28], [46, 29]]
Actions [[38, 30, 'VE']]
Realizing [38, 30, 'VE']
[[38, 30], [38, 31], [38, 32], [38, 33], [38, 34], [38, 35], [38, 36], [39, 28], [39, 29], [39, 30], [39, 31], [39, 32], [40, 28], [40, 29], [40, 30], [40, 31], [40, 32], [41, 28], [41, 29], [42, 28], [42, 29], [43, 28], [43, 29], [44, 28], [44, 29], [45, 28], [45, 29], [46, 28], [46, 29]]
Actions [[38, 30, 'VE']]
Realizing [38, 30, 'VE']
[[38, 30], [38, 31], [38, 32], [38, 33], [38, 34], [38, 35], [38, 36], [39, 28], [39, 29], [39, 30], [39, 31], [39, 32], [40, 28], [40, 29], [40, 30], [40, 31], [40, 32], [41, 28], [41, 29], [42, 28], [42, 29], [43, 28], [43, 29], [44, 28], [44, 29], [45, 28], [45, 29], [46, 28], [46, 29]]
Actions [[38, 30, 'VE']]
Realizing [38, 30, 'VE']
[[38, 30], [38, 31], [38, 32], [38, 33], [38, 34], [38, 35], [38, 36], [39, 28], [39, 29], [39, 30], [39, 31], [39, 32], [40, 28], [40, 29], [40, 30], [40, 31], [40, 32], [41, 28], [41, 29], [42, 28], [42, 29], [43, 28], [43, 29], [44, 28], [44, 29], [45, 28], [45, 29], [46, 28], [46, 29]]
Actions [[38, 30, 'VE']]
Realizing [38, 30, 'VE']
[[38, 30], [38, 31], [38, 32], [38, 33], [38, 34], [38, 35], [38, 36], [39, 28], [39, 29], [39, 30], [39, 31], [39, 32], [40, 28], [40, 29], [40, 30], [40, 31], [40, 32], [41, 28], [41, 29], [42, 28], [42, 29], [43, 28], [43, 29], [44, 28], [44, 29], [45, 28], [45, 29], [46, 28], [46, 29]]
Actions [[38, 30, 'VE']]
Realizing [38, 30, 'VE']
[[38, 30], [38, 31], [38, 32], [38, 33], [38, 34], [38, 35], [38, 36], [39, 28], [39, 29], [39, 30], [39, 31], [39, 32], [40, 28], [40, 29], [40, 30], [40, 31], [40, 32], [41, 28], [41, 29], [42, 28], [42, 29], [43, 28], [43, 29], [44, 28], [44, 29], [45, 28], [45, 29], [46, 28], [46, 29]]
Actions [[38, 30, 'VE']]
Realizing [38, 30, 'VE']
[[38, 30], [38, 31], [38, 32], [38, 33], [38, 34], [38, 35], [38, 36], [39, 28], [39, 29], [39, 30], [39, 31], [39, 32], [40, 28], [40, 29], [40, 30], [40, 31], [40, 32], [41, 28], [41, 29], [42, 28], [42, 29], [43, 28], [43, 29], [44, 28], [44, 29], [45, 28], [45, 29], [46, 28], [46, 29]]
Actions [[38, 30, 'VE']]
Realizing [38, 30, 'VE']
[[38, 30], [38, 31], [38, 32], [38, 33], [38, 34], [38, 35], [38, 36], [39, 28], [39, 29], [39, 30], [39, 31], [39, 32], [40, 28], [40, 29], [40, 30], [40, 31], [40, 32], [41, 28], [41, 29], [42, 28], [42, 29], [43, 28], [43, 29], [44, 28], [44, 29], [45, 28], [45, 29], [46, 28], [46, 29]]
Actions [[38, 30, 'VE']]
Realizing [38, 30, 'VE']
[[38, 30], [38, 31], [38, 32], [38, 33], [38, 34], [38, 35], [38, 36], [39, 28], [39, 29], [39, 30], [39, 31], [39, 32], [40, 28], [40, 29], [40, 30], [40, 31], [40, 32], [41, 28], [41, 29], [42, 28], [42, 29], [43, 28], [43, 29], [44, 28], [44, 29], [45, 28], [45, 29], [46, 28], [46, 29]]
Actions [[38, 30, 'VE']]
Realizing [38, 30, 'VE']
[[38, 30], [38, 31], [38, 32], [38, 33], [38, 34], [38, 35], [38, 36], [39, 28], [39, 29], [39, 30], [39, 31], [39, 32], [40, 28], [40, 29], [40, 30], [40, 31], [40, 32], [41, 28], [41, 29], [42, 28], [42, 29], [43, 28], [43, 29], [44, 28], [44, 29], [45, 28], [45, 29], [46, 28], [46, 29]]
Actions [[38, 30, 'VE']]
Realizing [38, 30, 'VE']
[[38, 30], [38, 31], [38, 32], [38, 33], [38, 34], [38, 35], [38, 36], [39, 28], [39, 29], [39, 30], [39, 31], [39, 32], [40, 28], [40, 29], [40, 30], [40, 31], [40, 32], [41, 28], [41, 29], [42, 28], [42, 29], [43, 28], [43, 29], [44, 28], [44, 29], [45, 28], [45, 29], [46, 28], [46, 29]]
Actions [[38, 30, 'VE']]
Realizing [38, 30, 'VE']
[[38, 30], [38, 31], [38, 32], [38, 33], [38, 34], [38, 35], [38, 36], [39, 28], [39, 29], [39, 30], [39, 31], [39, 32], [40, 28], [40, 29], [40, 30], [40, 31], [40, 32], [41, 28], [41, 29], [42, 28], [42, 29], [43, 28], [43, 29], [44, 28], [44, 29], [45, 28], [45, 29], [46, 28], [46, 29]]
Actions [[38, 30, 'VE']]
Realizing [38, 30, 'VE']
[[38, 30], [38, 31], [38, 32], [38, 33], [38, 34], [38, 35], [38, 36], [39, 28], [39, 29], [39, 30], [39, 31], [39, 32], [40, 28], [40, 29], [40, 30], [40, 31], [40, 32], [41, 28], [41, 29], [42, 28], [42, 29], [43, 28], [43, 29], [44, 28], [44, 29], [45, 28], [45, 29], [46, 28], [46, 29]]
Actions [[38, 30, 'VE']]
Realizing [38, 30, 'VE']
[[38, 30], [38, 31], [38, 32], [38, 33], [38, 34], [38, 35], [38, 36], [39, 28], [39, 29], [39, 30], [39, 31], [39, 32], [40, 28], [40, 29], [40, 30], [40, 31], [40, 32], [41, 28], [41, 29], [42, 28], [42, 29], [43, 28], [43, 29], [44, 28], [44, 29], [45, 28], [45, 29], [46, 28], [46, 29]]
Actions [[38, 30, 'VE']]
Realizing [38, 30, 'VE']
[[38, 30], [38, 31], [38, 32], [38, 33], [38, 34], [38, 35], [38, 36], [39, 28], [39, 29], [39, 30], [39, 31], [39, 32], [40, 28], [40, 29], [40, 30], [40, 31], [40, 32], [41, 28], [41, 29], [42, 28], [42, 29], [43, 28], [43, 29], [44, 28], [44, 29], [45, 28], [45, 29], [46, 28], [46, 29]]
Actions [[38, 30, 'VE']]
Realizing [38, 30, 'VE']
[[38, 30], [38, 31], [38, 32], [38, 33], [38, 34], [38, 35], [38, 36], [39, 28], [39, 29], [39, 30], [39, 31], [39, 32], [40, 28], [40, 29], [40, 30], [40, 31], [40, 32], [41, 28], [41, 29], [42, 28], [42, 29], [43, 28], [43, 29], [44, 28], [44, 29], [45, 28], [45, 29], [46, 28], [46, 29]]
Actions [[38, 30, 'VE']]
Realizing [38, 30, 'VE']
[[38, 30], [38, 31], [38, 32], [38, 33], [38, 34], [38, 35], [38, 36], [39, 28], [39, 29], [39, 30], [39, 31], [39, 32], [40, 28], [40, 29], [40, 30], [40, 31], [40, 32], [41, 28], [41, 29], [42, 28], [42, 29], [43, 28], [43, 29], [44, 28], [44, 29], [45, 28], [45, 29], [46, 28], [46, 29]]
Actions [[38, 31, 'VC'], [38, 31, 'VB'], [38, 31, 'VD'], [38, 31, 'VE']]
Realizing [38, 31, 'VC']
[[38, 31], [38, 32], [38, 33], [38, 34], [38, 35], [38, 36], [39, 28], [39, 29], [39, 30], [39, 31], [39, 32], [40, 28], [40, 29], [40, 30], [40, 31], [40, 32], [41, 28], [41, 29], [42, 28], [42, 29], [43, 28], [43, 29], [44, 28], [44, 29], [45, 28], [45, 29], [46, 28], [46, 29]]
Realizing [38, 31, 'VB']
[[38, 31], [38, 32], [38, 33], [38, 34], [38, 35], [38, 36], [39, 28], [39, 29], [39, 30], [39, 31], [39, 32], [40, 28], [40, 29], [40, 30], [40, 31], [40, 32], [41, 28], [41, 29], [42, 28], [42, 29], [43, 28], [43, 29], [44, 28], [44, 29], [45, 28], [45, 29], [46, 28], [46, 29]]
Realizing [38, 31, 'VD']
[[38, 31], [38, 32], [38, 33], [38, 34], [38, 35], [38, 36], [39, 28], [39, 29], [39, 30], [39, 31], [39, 32], [40, 28], [40, 29], [40, 30], [40, 31], [40, 32], [41, 28], [41, 29], [42, 28], [42, 29], [43, 28], [43, 29], [44, 28], [44, 29], [45, 28], [45, 29], [46, 28], [46, 29]]
Realizing [38, 31, 'VE']
[[38, 31], [38, 32], [38, 33], [38, 34], [38, 35], [38, 36], [39, 28], [39, 29], [39, 30], [39, 31], [39, 32], [40, 28], [40, 29], [40, 30], [40, 31], [40, 32], [41, 28], [41, 29], [42, 28], [42, 29], [43, 28], [43, 29], [44, 28], [44, 29], [45, 28], [45, 29], [46, 28], [46, 29]]
Actions [[38, 31, 'VE']]
Realizing [38, 31, 'VE']
[[38, 31], [38, 32], [38, 33], [38, 34], [38, 35], [38, 36], [39, 28], [39, 29], [39, 30], [39, 31], [39, 32], [40, 28], [40, 29], [40, 30], [40, 31], [40, 32], [41, 28], [41, 29], [42, 28], [42, 29], [43, 28], [43, 29], [44, 28], [44, 29], [45, 28], [45, 29], [46, 28], [46, 29]]
Actions [[38, 31, 'VE']]
Realizing [38, 31, 'VE']
[[38, 31], [38, 32], [38, 33], [38, 34], [38, 35], [38, 36], [39, 28], [39, 29], [39, 30], [39, 31], [39, 32], [40, 28], [40, 29], [40, 30], [40, 31], [40, 32], [41, 28], [41, 29], [42, 28], [42, 29], [43, 28], [43, 29], [44, 28], [44, 29], [45, 28], [45, 29], [46, 28], [46, 29]]
Actions [[38, 31, 'VE']]
Realizing [38, 31, 'VE']
[[38, 31], [38, 32], [38, 33], [38, 34], [38, 35], [38, 36], [39, 28], [39, 29], [39, 30], [39, 31], [39, 32], [40, 28], [40, 29], [40, 30], [40, 31], [40, 32], [41, 28], [41, 29], [42, 28], [42, 29], [43, 28], [43, 29], [44, 28], [44, 29], [45, 28], [45, 29], [46, 28], [46, 29]]
Actions [[38, 31, 'VE']]
Realizing [38, 31, 'VE']
[[38, 31], [38, 32], [38, 33], [38, 34], [38, 35], [38, 36], [39, 28], [39, 29], [39, 30], [39, 31], [39, 32], [40, 28], [40, 29], [40, 30], [40, 31], [40, 32], [41, 28], [41, 29], [42, 28], [42, 29], [43, 28], [43, 29], [44, 28], [44, 29], [45, 28], [45, 29], [46, 28], [46, 29]]
Actions [[38, 31, 'VE']]
Realizing [38, 31, 'VE']
[[38, 31], [38, 32], [38, 33], [38, 34], [38, 35], [38, 36], [39, 28], [39, 29], [39, 30], [39, 31], [39, 32], [40, 28], [40, 29], [40, 30], [40, 31], [40, 32], [41, 28], [41, 29], [42, 28], [42, 29], [43, 28], [43, 29], [44, 28], [44, 29], [45, 28], [45, 29], [46, 28], [46, 29]]
Actions [[38, 31, 'VE']]
Realizing [38, 31, 'VE']
[[38, 31], [38, 32], [38, 33], [38, 34], [38, 35], [38, 36], [39, 28], [39, 29], [39, 30], [39, 31], [39, 32], [40, 28], [40, 29], [40, 30], [40, 31], [40, 32], [41, 28], [41, 29], [42, 28], [42, 29], [43, 28], [43, 29], [44, 28], [44, 29], [45, 28], [45, 29], [46, 28], [46, 29]]
Actions [[38, 31, 'VE']]
Realizing [38, 31, 'VE']
[[38, 31], [38, 32], [38, 33], [38, 34], [38, 35], [38, 36], [39, 28], [39, 29], [39, 30], [39, 31], [39, 32], [40, 28], [40, 29], [40, 30], [40, 31], [40, 32], [41, 28], [41, 29], [42, 28], [42, 29], [43, 28], [43, 29], [44, 28], [44, 29], [45, 28], [45, 29], [46, 28], [46, 29]]
Actions [[38, 31, 'VE']]
Realizing [38, 31, 'VE']
[[38, 31], [38, 32], [38, 33], [38, 34], [38, 35], [38, 36], [39, 28], [39, 29], [39, 30], [39, 31], [39, 32], [40, 28], [40, 29], [40, 30], [40, 31], [40, 32], [41, 28], [41, 29], [42, 28], [42, 29], [43, 28], [43, 29], [44, 28], [44, 29], [45, 28], [45, 29], [46, 28], [46, 29]]
Actions [[38, 31, 'VE']]
Realizing [38, 31, 'VE']
[[38, 31], [38, 32], [38, 33], [38, 34], [38, 35], [38, 36], [39, 28], [39, 29], [39, 30], [39, 31], [39, 32], [40, 28], [40, 29], [40, 30], [40, 31], [40, 32], [41, 28], [41, 29], [42, 28], [42, 29], [43, 28], [43, 29], [44, 28], [44, 29], [45, 28], [45, 29], [46, 28], [46, 29]]
Actions [[38, 31, 'VE']]
Realizing [38, 31, 'VE']
[[38, 31], [38, 32], [38, 33], [38, 34], [38, 35], [38, 36], [39, 28], [39, 29], [39, 30], [39, 31], [39, 32], [40, 28], [40, 29], [40, 30], [40, 31], [40, 32], [41, 28], [41, 29], [42, 28], [42, 29], [43, 28], [43, 29], [44, 28], [44, 29], [45, 28], [45, 29], [46, 28], [46, 29]]
Actions [[38, 31, 'VE']]
Realizing [38, 31, 'VE']
[[38, 31], [38, 32], [38, 33], [38, 34], [38, 35], [38, 36], [39, 28], [39, 29], [39, 30], [39, 31], [39, 32], [40, 28], [40, 29], [40, 30], [40, 31], [40, 32], [41, 28], [41, 29], [42, 28], [42, 29], [43, 28], [43, 29], [44, 28], [44, 29], [45, 28], [45, 29], [46, 28], [46, 29]]
Actions [[38, 31, 'VE']]
Realizing [38, 31, 'VE']
[[38, 31], [38, 32], [38, 33], [38, 34], [38, 35], [38, 36], [39, 28], [39, 29], [39, 30], [39, 31], [39, 32], [40, 28], [40, 29], [40, 30], [40, 31], [40, 32], [41, 28], [41, 29], [42, 28], [42, 29], [43, 28], [43, 29], [44, 28], [44, 29], [45, 28], [45, 29], [46, 28], [46, 29]]
Actions [[38, 31, 'VE']]
Realizing [38, 31, 'VE']
[[38, 31], [38, 32], [38, 33], [38, 34], [38, 35], [38, 36], [39, 28], [39, 29], [39, 30], [39, 31], [39, 32], [40, 28], [40, 29], [40, 30], [40, 31], [40, 32], [41, 28], [41, 29], [42, 28], [42, 29], [43, 28], [43, 29], [44, 28], [44, 29], [45, 28], [45, 29], [46, 28], [46, 29]]
Actions [[38, 31, 'VE']]
Realizing [38, 31, 'VE']
[[38, 31], [38, 32], [38, 33], [38, 34], [38, 35], [38, 36], [39, 28], [39, 29], [39, 30], [39, 31], [39, 32], [40, 28], [40, 29], [40, 30], [40, 31], [40, 32], [41, 28], [41, 29], [42, 28], [42, 29], [43, 28], [43, 29], [44, 28], [44, 29], [45, 28], [45, 29], [46, 28], [46, 29]]
Actions [[38, 31, 'VE']]
Realizing [38, 31, 'VE']
[[38, 31], [38, 32], [38, 33], [38, 34], [38, 35], [38, 36], [39, 28], [39, 29], [39, 30], [39, 31], [39, 32], [40, 28], [40, 29], [40, 30], [40, 31], [40, 32], [41, 28], [41, 29], [42, 28], [42, 29], [43, 28], [43, 29], [44, 28], [44, 29], [45, 28], [45, 29], [46, 28], [46, 29]]
Actions [[38, 31, 'VE']]
Realizing [38, 31, 'VE']
[[38, 31], [38, 32], [38, 33], [38, 34], [38, 35], [38, 36], [39, 28], [39, 29], [39, 30], [39, 31], [39, 32], [40, 28], [40, 29], [40, 30], [40, 31], [40, 32], [41, 28], [41, 29], [42, 28], [42, 29], [43, 28], [43, 29], [44, 28], [44, 29], [45, 28], [45, 29], [46, 28], [46, 29]]
Actions [[38, 31, 'VE']]
Realizing [38, 31, 'VE']
[[38, 31], [38, 32], [38, 33], [38, 34], [38, 35], [38, 36], [39, 28], [39, 29], [39, 30], [39, 31], [39, 32], [40, 28], [40, 29], [40, 30], [40, 31], [40, 32], [41, 28], [41, 29], [42, 28], [42, 29], [43, 28], [43, 29], [44, 28], [44, 29], [45, 28], [45, 29], [46, 28], [46, 29]]
Actions [[38, 31, 'VE']]
Realizing [38, 31, 'VE']
[[38, 31], [38, 32], [38, 33], [38, 34], [38, 35], [38, 36], [39, 28], [39, 29], [39, 30], [39, 31], [39, 32], [40, 28], [40, 29], [40, 30], [40, 31], [40, 32], [41, 28], [41, 29], [42, 28], [42, 29], [43, 28], [43, 29], [44, 28], [44, 29], [45, 28], [45, 29], [46, 28], [46, 29]]
Actions [[38, 31, 'VE']]
Realizing [38, 31, 'VE']
[[38, 31], [38, 32], [38, 33], [38, 34], [38, 35], [38, 36], [39, 28], [39, 29], [39, 30], [39, 31], [39, 32], [40, 28], [40, 29], [40, 30], [40, 31], [40, 32], [41, 28], [41, 29], [42, 28], [42, 29], [43, 28], [43, 29], [44, 28], [44, 29], [45, 28], [45, 29], [46, 28], [46, 29]]
Actions [[38, 31, 'VE']]
Realizing [38, 31, 'VE']
[[38, 31], [38, 32], [38, 33], [38, 34], [38, 35], [38, 36], [39, 28], [39, 29], [39, 30], [39, 31], [39, 32], [40, 28], [40, 29], [40, 30], [40, 31], [40, 32], [41, 28], [41, 29], [42, 28], [42, 29], [43, 28], [43, 29], [44, 28], [44, 29], [45, 28], [45, 29], [46, 28], [46, 29]]
Actions [[38, 32, 'VC'], [38, 32, 'VB'], [38, 32, 'VD'], [38, 32, 'VE']]
Realizing [38, 32, 'VC']
[[38, 32], [38, 33], [38, 34], [38, 35], [38, 36], [39, 28], [39, 29], [39, 30], [39, 31], [39, 32], [40, 28], [40, 29], [40, 30], [40, 31], [40, 32], [41, 28], [41, 29], [42, 28], [42, 29], [43, 28], [43, 29], [44, 28], [44, 29], [45, 28], [45, 29], [46, 28], [46, 29]]
Realizing [38, 32, 'VB']
[[38, 32], [38, 33], [38, 34], [38, 35], [38, 36], [39, 28], [39, 29], [39, 30], [39, 31], [39, 32], [40, 28], [40, 29], [40, 30], [40, 31], [40, 32], [41, 28], [41, 29], [42, 28], [42, 29], [43, 28], [43, 29], [44, 28], [44, 29], [45, 28], [45, 29], [46, 28], [46, 29]]
Realizing [38, 32, 'VD']
[[38, 32], [38, 33], [38, 34], [38, 35], [38, 36], [39, 28], [39, 29], [39, 30], [39, 31], [39, 32], [40, 28], [40, 29], [40, 30], [40, 31], [40, 32], [41, 28], [41, 29], [42, 28], [42, 29], [43, 28], [43, 29], [44, 28], [44, 29], [45, 28], [45, 29], [46, 28], [46, 29]]
Realizing [38, 32, 'VE']
[[38, 32], [38, 33], [38, 34], [38, 35], [38, 36], [39, 28], [39, 29], [39, 30], [39, 31], [39, 32], [40, 28], [40, 29], [40, 30], [40, 31], [40, 32], [41, 28], [41, 29], [42, 28], [42, 29], [43, 28], [43, 29], [44, 28], [44, 29], [45, 28], [45, 29], [46, 28], [46, 29]]
Actions [[38, 32, 'VE']]
Realizing [38, 32, 'VE']
[[38, 32], [38, 33], [38, 34], [38, 35], [38, 36], [39, 28], [39, 29], [39, 30], [39, 31], [39, 32], [40, 28], [40, 29], [40, 30], [40, 31], [40, 32], [41, 28], [41, 29], [42, 28], [42, 29], [43, 28], [43, 29], [44, 28], [44, 29], [45, 28], [45, 29], [46, 28], [46, 29]]
Actions [[38, 32, 'VE']]
Realizing [38, 32, 'VE']
[[38, 32], [38, 33], [38, 34], [38, 35], [38, 36], [39, 28], [39, 29], [39, 30], [39, 31], [39, 32], [40, 28], [40, 29], [40, 30], [40, 31], [40, 32], [41, 28], [41, 29], [42, 28], [42, 29], [43, 28], [43, 29], [44, 28], [44, 29], [45, 28], [45, 29], [46, 28], [46, 29]]
Actions [[38, 32, 'VE']]
Realizing [38, 32, 'VE']
[[38, 32], [38, 33], [38, 34], [38, 35], [38, 36], [39, 28], [39, 29], [39, 30], [39, 31], [39, 32], [40, 28], [40, 29], [40, 30], [40, 31], [40, 32], [41, 28], [41, 29], [42, 28], [42, 29], [43, 28], [43, 29], [44, 28], [44, 29], [45, 28], [45, 29], [46, 28], [46, 29]]
Actions [[38, 32, 'VE']]
Realizing [38, 32, 'VE']
[[38, 32], [38, 33], [38, 34], [38, 35], [38, 36], [39, 28], [39, 29], [39, 30], [39, 31], [39, 32], [40, 28], [40, 29], [40, 30], [40, 31], [40, 32], [41, 28], [41, 29], [42, 28], [42, 29], [43, 28], [43, 29], [44, 28], [44, 29], [45, 28], [45, 29], [46, 28], [46, 29]]
Actions [[38, 32, 'VE']]
Realizing [38, 32, 'VE']
[[38, 32], [38, 33], [38, 34], [38, 35], [38, 36], [39, 28], [39, 29], [39, 30], [39, 31], [39, 32], [40, 28], [40, 29], [40, 30], [40, 31], [40, 32], [41, 28], [41, 29], [42, 28], [42, 29], [43, 28], [43, 29], [44, 28], [44, 29], [45, 28], [45, 29], [46, 28], [46, 29]]
Actions [[38, 32, 'VE']]
Realizing [38, 32, 'VE']
[[38, 32], [38, 33], [38, 34], [38, 35], [38, 36], [39, 28], [39, 29], [39, 30], [39, 31], [39, 32], [40, 28], [40, 29], [40, 30], [40, 31], [40, 32], [41, 28], [41, 29], [42, 28], [42, 29], [43, 28], [43, 29], [44, 28], [44, 29], [45, 28], [45, 29], [46, 28], [46, 29]]
Actions [[38, 32, 'VE']]
Realizing [38, 32, 'VE']
[[38, 32], [38, 33], [38, 34], [38, 35], [38, 36], [39, 28], [39, 29], [39, 30], [39, 31], [39, 32], [40, 28], [40, 29], [40, 30], [40, 31], [40, 32], [41, 28], [41, 29], [42, 28], [42, 29], [43, 28], [43, 29], [44, 28], [44, 29], [45, 28], [45, 29], [46, 28], [46, 29]]
Actions [[38, 32, 'VE']]
Realizing [38, 32, 'VE']
[[38, 32], [38, 33], [38, 34], [38, 35], [38, 36], [39, 28], [39, 29], [39, 30], [39, 31], [39, 32], [40, 28], [40, 29], [40, 30], [40, 31], [40, 32], [41, 28], [41, 29], [42, 28], [42, 29], [43, 28], [43, 29], [44, 28], [44, 29], [45, 28], [45, 29], [46, 28], [46, 29]]
Actions [[38, 32, 'VE']]
Realizing [38, 32, 'VE']
[[38, 32], [38, 33], [38, 34], [38, 35], [38, 36], [39, 28], [39, 29], [39, 30], [39, 31], [39, 32], [40, 28], [40, 29], [40, 30], [40, 31], [40, 32], [41, 28], [41, 29], [42, 28], [42, 29], [43, 28], [43, 29], [44, 28], [44, 29], [45, 28], [45, 29], [46, 28], [46, 29]]
Actions [[38, 32, 'VE']]
Realizing [38, 32, 'VE']
[[38, 32], [38, 33], [38, 34], [38, 35], [38, 36], [39, 28], [39, 29], [39, 30], [39, 31], [39, 32], [40, 28], [40, 29], [40, 30], [40, 31], [40, 32], [41, 28], [41, 29], [42, 28], [42, 29], [43, 28], [43, 29], [44, 28], [44, 29], [45, 28], [45, 29], [46, 28], [46, 29]]
Actions [[38, 32, 'VE']]
Realizing [38, 32, 'VE']
[[38, 32], [38, 33], [38, 34], [38, 35], [38, 36], [39, 28], [39, 29], [39, 30], [39, 31], [39, 32], [40, 28], [40, 29], [40, 30], [40, 31], [40, 32], [41, 28], [41, 29], [42, 28], [42, 29], [43, 28], [43, 29], [44, 28], [44, 29], [45, 28], [45, 29], [46, 28], [46, 29]]
Actions [[38, 32, 'VE']]
Realizing [38, 32, 'VE']
[[38, 32], [38, 33], [38, 34], [38, 35], [38, 36], [39, 28], [39, 29], [39, 30], [39, 31], [39, 32], [40, 28], [40, 29], [40, 30], [40, 31], [40, 32], [41, 28], [41, 29], [42, 28], [42, 29], [43, 28], [43, 29], [44, 28], [44, 29], [45, 28], [45, 29], [46, 28], [46, 29]]
Actions [[38, 32, 'VE']]
Realizing [38, 32, 'VE']
[[38, 32], [38, 33], [38, 34], [38, 35], [38, 36], [39, 28], [39, 29], [39, 30], [39, 31], [39, 32], [40, 28], [40, 29], [40, 30], [40, 31], [40, 32], [41, 28], [41, 29], [42, 28], [42, 29], [43, 28], [43, 29], [44, 28], [44, 29], [45, 28], [45, 29], [46, 28], [46, 29]]
Actions [[38, 32, 'VE']]
Realizing [38, 32, 'VE']
[[38, 32], [38, 33], [38, 34], [38, 35], [38, 36], [39, 28], [39, 29], [39, 30], [39, 31], [39, 32], [40, 28], [40, 29], [40, 30], [40, 31], [40, 32], [41, 28], [41, 29], [42, 28], [42, 29], [43, 28], [43, 29], [44, 28], [44, 29], [45, 28], [45, 29], [46, 28], [46, 29]]
Actions [[38, 32, 'VE']]
Realizing [38, 32, 'VE']
[[38, 32], [38, 33], [38, 34], [38, 35], [38, 36], [39, 28], [39, 29], [39, 30], [39, 31], [39, 32], [40, 28], [40, 29], [40, 30], [40, 31], [40, 32], [41, 28], [41, 29], [42, 28], [42, 29], [43, 28], [43, 29], [44, 28], [44, 29], [45, 28], [45, 29], [46, 28], [46, 29]]
Actions [[38, 32, 'VE']]
Realizing [38, 32, 'VE']
[[38, 32], [38, 33], [38, 34], [38, 35], [38, 36], [39, 28], [39, 29], [39, 30], [39, 31], [39, 32], [40, 28], [40, 29], [40, 30], [40, 31], [40, 32], [41, 28], [41, 29], [42, 28], [42, 29], [43, 28], [43, 29], [44, 28], [44, 29], [45, 28], [45, 29], [46, 28], [46, 29]]
Actions [[38, 32, 'VE']]
Realizing [38, 32, 'VE']
[[38, 32], [38, 33], [38, 34], [38, 35], [38, 36], [39, 28], [39, 29], [39, 30], [39, 31], [39, 32], [40, 28], [40, 29], [40, 30], [40, 31], [40, 32], [41, 28], [41, 29], [42, 28], [42, 29], [43, 28], [43, 29], [44, 28], [44, 29], [45, 28], [45, 29], [46, 28], [46, 29]]
Actions [[38, 32, 'VE']]
Realizing [38, 32, 'VE']
[[38, 32], [38, 33], [38, 34], [38, 35], [38, 36], [39, 28], [39, 29], [39, 30], [39, 31], [39, 32], [40, 28], [40, 29], [40, 30], [40, 31], [40, 32], [41, 28], [41, 29], [42, 28], [42, 29], [43, 28], [43, 29], [44, 28], [44, 29], [45, 28], [45, 29], [46, 28], [46, 29]]
Actions [[38, 32, 'VE']]
Realizing [38, 32, 'VE']
[[38, 32], [38, 33], [38, 34], [38, 35], [38, 36], [39, 28], [39, 29], [39, 30], [39, 31], [39, 32], [40, 28], [40, 29], [40, 30], [40, 31], [40, 32], [41, 28], [41, 29], [42, 28], [42, 29], [43, 28], [43, 29], [44, 28], [44, 29], [45, 28], [45, 29], [46, 28], [46, 29]]
Actions [[38, 32, 'VE']]
Realizing [38, 32, 'VE']
[[38, 32], [38, 33], [38, 34], [38, 35], [38, 36], [39, 28], [39, 29], [39, 30], [39, 31], [39, 32], [40, 28], [40, 29], [40, 30], [40, 31], [40, 32], [41, 28], [41, 29], [42, 28], [42, 29], [43, 28], [43, 29], [44, 28], [44, 29], [45, 28], [45, 29], [46, 28], [46, 29]]
Actions [[38, 32, 'VE']]
Realizing [38, 32, 'VE']
[[38, 32], [38, 33], [38, 34], [38, 35], [38, 36], [39, 28], [39, 29], [39, 30], [39, 31], [39, 32], [40, 28], [40, 29], [40, 30], [40, 31], [40, 32], [41, 28], [41, 29], [42, 28], [42, 29], [43, 28], [43, 29], [44, 28], [44, 29], [45, 28], [45, 29], [46, 28], [46, 29]]
Actions [[38, 32, 'VE']]
Realizing [38, 32, 'VE']
[[38, 32], [38, 33], [38, 34], [38, 35], [38, 36], [39, 28], [39, 29], [39, 30], [39, 31], [39, 32], [40, 28], [40, 29], [40, 30], [40, 31], [40, 32], [41, 28], [41, 29], [42, 28], [42, 29], [43, 28], [43, 29], [44, 28], [44, 29], [45, 28], [45, 29], [46, 28], [46, 29]]
Actions [[38, 32, 'VE']]
Realizing [38, 32, 'VE']
[[38, 32], [38, 33], [38, 34], [38, 35], [38, 36], [39, 28], [39, 29], [39, 30], [39, 31], [39, 32], [40, 28], [40, 29], [40, 30], [40, 31], [40, 32], [41, 28], [41, 29], [42, 28], [42, 29], [43, 28], [43, 29], [44, 28], [44, 29], [45, 28], [45, 29], [46, 28], [46, 29]]
Actions [[38, 33, 'VB'], [38, 33, 'VE']]
Realizing [38, 33, 'VB']
[[38, 33], [38, 34], [38, 35], [38, 36], [39, 28], [39, 29], [39, 30], [39, 31], [39, 32], [40, 28], [40, 29], [40, 30], [40, 31], [40, 32], [41, 28], [41, 29], [42, 28], [42, 29], [43, 28], [43, 29], [44, 28], [44, 29], [45, 28], [45, 29], [46, 28], [46, 29]]
Realizing [38, 33, 'VE']
[[38, 33], [38, 34], [38, 35], [38, 36], [39, 28], [39, 29], [39, 30], [39, 31], [39, 32], [40, 28], [40, 29], [40, 30], [40, 31], [40, 32], [41, 28], [41, 29], [42, 28], [42, 29], [43, 28], [43, 29], [44, 28], [44, 29], [45, 28], [45, 29], [46, 28], [46, 29]]
Actions [[38, 33, 'VE']]
Realizing [38, 33, 'VE']
[[38, 33], [38, 34], [38, 35], [38, 36], [39, 28], [39, 29], [39, 30], [39, 31], [39, 32], [40, 28], [40, 29], [40, 30], [40, 31], [40, 32], [41, 28], [41, 29], [42, 28], [42, 29], [43, 28], [43, 29], [44, 28], [44, 29], [45, 28], [45, 29], [46, 28], [46, 29]]
Actions [[38, 33, 'VE']]
Realizing [38, 33, 'VE']
[[38, 33], [38, 34], [38, 35], [38, 36], [39, 28], [39, 29], [39, 30], [39, 31], [39, 32], [40, 28], [40, 29], [40, 30], [40, 31], [40, 32], [41, 28], [41, 29], [42, 28], [42, 29], [43, 28], [43, 29], [44, 28], [44, 29], [45, 28], [45, 29], [46, 28], [46, 29]]
Actions [[38, 33, 'VE']]
Realizing [38, 33, 'VE']
[[38, 33], [38, 34], [38, 35], [38, 36], [39, 28], [39, 29], [39, 30], [39, 31], [39, 32], [40, 28], [40, 29], [40, 30], [40, 31], [40, 32], [41, 28], [41, 29], [42, 28], [42, 29], [43, 28], [43, 29], [44, 28], [44, 29], [45, 28], [45, 29], [46, 28], [46, 29]]
Actions [[38, 33, 'VE']]
Realizing [38, 33, 'VE']
[[38, 33], [38, 34], [38, 35], [38, 36], [39, 28], [39, 29], [39, 30], [39, 31], [39, 32], [40, 28], [40, 29], [40, 30], [40, 31], [40, 32], [41, 28], [41, 29], [42, 28], [42, 29], [43, 28], [43, 29], [44, 28], [44, 29], [45, 28], [45, 29], [46, 28], [46, 29]]
Actions [[38, 33, 'VE']]
Realizing [38, 33, 'VE']
[[38, 33], [38, 34], [38, 35], [38, 36], [39, 28], [39, 29], [39, 30], [39, 31], [39, 32], [40, 28], [40, 29], [40, 30], [40, 31], [40, 32], [41, 28], [41, 29], [42, 28], [42, 29], [43, 28], [43, 29], [44, 28], [44, 29], [45, 28], [45, 29], [46, 28], [46, 29]]
Actions [[38, 33, 'VE']]
Realizing [38, 33, 'VE']
[[38, 33], [38, 34], [38, 35], [38, 36], [39, 28], [39, 29], [39, 30], [39, 31], [39, 32], [40, 28], [40, 29], [40, 30], [40, 31], [40, 32], [41, 28], [41, 29], [42, 28], [42, 29], [43, 28], [43, 29], [44, 28], [44, 29], [45, 28], [45, 29], [46, 28], [46, 29]]
Actions [[38, 33, 'VE']]
Realizing [38, 33, 'VE']
[[38, 33], [38, 34], [38, 35], [38, 36], [39, 28], [39, 29], [39, 30], [39, 31], [39, 32], [40, 28], [40, 29], [40, 30], [40, 31], [40, 32], [41, 28], [41, 29], [42, 28], [42, 29], [43, 28], [43, 29], [44, 28], [44, 29], [45, 28], [45, 29], [46, 28], [46, 29]]
Actions [[38, 33, 'VE']]
Realizing [38, 33, 'VE']
[[38, 33], [38, 34], [38, 35], [38, 36], [39, 28], [39, 29], [39, 30], [39, 31], [39, 32], [40, 28], [40, 29], [40, 30], [40, 31], [40, 32], [41, 28], [41, 29], [42, 28], [42, 29], [43, 28], [43, 29], [44, 28], [44, 29], [45, 28], [45, 29], [46, 28], [46, 29]]
Actions [[38, 33, 'VE']]
Realizing [38, 33, 'VE']
[[38, 33], [38, 34], [38, 35], [38, 36], [39, 28], [39, 29], [39, 30], [39, 31], [39, 32], [40, 28], [40, 29], [40, 30], [40, 31], [40, 32], [41, 28], [41, 29], [42, 28], [42, 29], [43, 28], [43, 29], [44, 28], [44, 29], [45, 28], [45, 29], [46, 28], [46, 29]]
Actions [[38, 33, 'VE']]
Realizing [38, 33, 'VE']
[[38, 33], [38, 34], [38, 35], [38, 36], [39, 28], [39, 29], [39, 30], [39, 31], [39, 32], [40, 28], [40, 29], [40, 30], [40, 31], [40, 32], [41, 28], [41, 29], [42, 28], [42, 29], [43, 28], [43, 29], [44, 28], [44, 29], [45, 28], [45, 29], [46, 28], [46, 29]]
Actions [[38, 33, 'VE']]
Realizing [38, 33, 'VE']
[[38, 33], [38, 34], [38, 35], [38, 36], [39, 28], [39, 29], [39, 30], [39, 31], [39, 32], [40, 28], [40, 29], [40, 30], [40, 31], [40, 32], [41, 28], [41, 29], [42, 28], [42, 29], [43, 28], [43, 29], [44, 28], [44, 29], [45, 28], [45, 29], [46, 28], [46, 29]]
Actions [[38, 33, 'VE']]
Realizing [38, 33, 'VE']
[[38, 33], [38, 34], [38, 35], [38, 36], [39, 28], [39, 29], [39, 30], [39, 31], [39, 32], [40, 28], [40, 29], [40, 30], [40, 31], [40, 32], [41, 28], [41, 29], [42, 28], [42, 29], [43, 28], [43, 29], [44, 28], [44, 29], [45, 28], [45, 29], [46, 28], [46, 29]]
Actions [[38, 33, 'VE']]
Realizing [38, 33, 'VE']
[[38, 33], [38, 34], [38, 35], [38, 36], [39, 28], [39, 29], [39, 30], [39, 31], [39, 32], [40, 28], [40, 29], [40, 30], [40, 31], [40, 32], [41, 28], [41, 29], [42, 28], [42, 29], [43, 28], [43, 29], [44, 28], [44, 29], [45, 28], [45, 29], [46, 28], [46, 29]]
Actions [[38, 33, 'VE']]
Realizing [38, 33, 'VE']
[[38, 33], [38, 34], [38, 35], [38, 36], [39, 28], [39, 29], [39, 30], [39, 31], [39, 32], [40, 28], [40, 29], [40, 30], [40, 31], [40, 32], [41, 28], [41, 29], [42, 28], [42, 29], [43, 28], [43, 29], [44, 28], [44, 29], [45, 28], [45, 29], [46, 28], [46, 29]]
Actions [[38, 33, 'VE']]
Realizing [38, 33, 'VE']
[[38, 33], [38, 34], [38, 35], [38, 36], [39, 28], [39, 29], [39, 30], [39, 31], [39, 32], [40, 28], [40, 29], [40, 30], [40, 31], [40, 32], [41, 28], [41, 29], [42, 28], [42, 29], [43, 28], [43, 29], [44, 28], [44, 29], [45, 28], [45, 29], [46, 28], [46, 29]]
Actions [[38, 33, 'VE']]
Realizing [38, 33, 'VE']
[[38, 33], [38, 34], [38, 35], [38, 36], [39, 28], [39, 29], [39, 30], [39, 31], [39, 32], [40, 28], [40, 29], [40, 30], [40, 31], [40, 32], [41, 28], [41, 29], [42, 28], [42, 29], [43, 28], [43, 29], [44, 28], [44, 29], [45, 28], [45, 29], [46, 28], [46, 29]]
Actions [[38, 33, 'VE']]
Realizing [38, 33, 'VE']
[[38, 33], [38, 34], [38, 35], [38, 36], [39, 28], [39, 29], [39, 30], [39, 31], [39, 32], [40, 28], [40, 29], [40, 30], [40, 31], [40, 32], [41, 28], [41, 29], [42, 28], [42, 29], [43, 28], [43, 29], [44, 28], [44, 29], [45, 28], [45, 29], [46, 28], [46, 29]]
Actions [[38, 33, 'VE']]
Realizing [38, 33, 'VE']
[[38, 33], [38, 34], [38, 35], [38, 36], [39, 28], [39, 29], [39, 30], [39, 31], [39, 32], [40, 28], [40, 29], [40, 30], [40, 31], [40, 32], [41, 28], [41, 29], [42, 28], [42, 29], [43, 28], [43, 29], [44, 28], [44, 29], [45, 28], [45, 29], [46, 28], [46, 29]]
Actions [[38, 33, 'VE']]
Realizing [38, 33, 'VE']
[[38, 33], [38, 34], [38, 35], [38, 36], [39, 28], [39, 29], [39, 30], [39, 31], [39, 32], [40, 28], [40, 29], [40, 30], [40, 31], [40, 32], [41, 28], [41, 29], [42, 28], [42, 29], [43, 28], [43, 29], [44, 28], [44, 29], [45, 28], [45, 29], [46, 28], [46, 29]]
Actions [[38, 33, 'VE']]
Realizing [38, 33, 'VE']
[[38, 33], [38, 34], [38, 35], [38, 36], [39, 28], [39, 29], [39, 30], [39, 31], [39, 32], [40, 28], [40, 29], [40, 30], [40, 31], [40, 32], [41, 28], [41, 29], [42, 28], [42, 29], [43, 28], [43, 29], [44, 28], [44, 29], [45, 28], [45, 29], [46, 28], [46, 29]]
Actions [[38, 33, 'VE']]
Realizing [38, 33, 'VE']
[[38, 33], [38, 34], [38, 35], [38, 36], [39, 28], [39, 29], [39, 30], [39, 31], [39, 32], [40, 28], [40, 29], [40, 30], [40, 31], [40, 32], [41, 28], [41, 29], [42, 28], [42, 29], [43, 28], [43, 29], [44, 28], [44, 29], [45, 28], [45, 29], [46, 28], [46, 29]]
Actions [[38, 33, 'VE']]
Realizing [38, 33, 'VE']
[[38, 33], [38, 34], [38, 35], [38, 36], [39, 28], [39, 29], [39, 30], [39, 31], [39, 32], [40, 28], [40, 29], [40, 30], [40, 31], [40, 32], [41, 28], [41, 29], [42, 28], [42, 29], [43, 28], [43, 29], [44, 28], [44, 29], [45, 28], [45, 29], [46, 28], [46, 29]]
Actions [[38, 33, 'VE']]
Realizing [38, 33, 'VE']
[[38, 33], [38, 34], [38, 35], [38, 36], [39, 28], [39, 29], [39, 30], [39, 31], [39, 32], [40, 28], [40, 29], [40, 30], [40, 31], [40, 32], [41, 28], [41, 29], [42, 28], [42, 29], [43, 28], [43, 29], [44, 28], [44, 29], [45, 28], [45, 29], [46, 28], [46, 29]]
Actions [[38, 33, 'VE']]
Realizing [38, 33, 'VE']
[[38, 33], [38, 34], [38, 35], [38, 36], [39, 28], [39, 29], [39, 30], [39, 31], [39, 32], [40, 28], [40, 29], [40, 30], [40, 31], [40, 32], [41, 28], [41, 29], [42, 28], [42, 29], [43, 28], [43, 29], [44, 28], [44, 29], [45, 28], [45, 29], [46, 28], [46, 29]]
Actions [[38, 33, 'VE']]
Realizing [38, 33, 'VE']
[[38, 33], [38, 34], [38, 35], [38, 36], [39, 28], [39, 29], [39, 30], [39, 31], [39, 32], [40, 28], [40, 29], [40, 30], [40, 31], [40, 32], [41, 28], [41, 29], [42, 28], [42, 29], [43, 28], [43, 29], [44, 28], [44, 29], [45, 28], [45, 29], [46, 28], [46, 29]]
Actions [[38, 33, 'VE']]
Realizing [38, 33, 'VE']
[[38, 33], [38, 34], [38, 35], [38, 36], [39, 28], [39, 29], [39, 30], [39, 31], [39, 32], [40, 28], [40, 29], [40, 30], [40, 31], [40, 32], [41, 28], [41, 29], [42, 28], [42, 29], [43, 28], [43, 29], [44, 28], [44, 29], [45, 28], [45, 29], [46, 28], [46, 29]]
Actions [[38, 34, 'BB'], [38, 34, 'BD'], [38, 34, 'BE']]
Realizing [38, 34, 'BB']
[[38, 34], [38, 35], [38, 36], [39, 28], [39, 29], [39, 30], [39, 31], [39, 32], [40, 28], [40, 29], [40, 30], [40, 31], [40, 32], [41, 28], [41, 29], [42, 28], [42, 29], [43, 28], [43, 29], [44, 28], [44, 29], [45, 28], [45, 29], [46, 28], [46, 29]]
Realizing [38, 34, 'BD']
[[38, 34], [38, 35], [38, 36], [39, 28], [39, 29], [39, 30], [39, 31], [39, 32], [40, 28], [40, 29], [40, 30], [40, 31], [40, 32], [41, 28], [41, 29], [42, 28], [42, 29], [43, 28], [43, 29], [44, 28], [44, 29], [45, 28], [45, 29], [46, 28], [46, 29]]
Realizing [38, 34, 'BE']
[[38, 34], [38, 35], [38, 36], [39, 28], [39, 29], [39, 30], [39, 31], [39, 32], [40, 28], [40, 29], [40, 30], [40, 31], [40, 32], [41, 28], [41, 29], [42, 28], [42, 29], [43, 28], [43, 29], [44, 28], [44, 29], [45, 28], [45, 29], [46, 28], [46, 29]]
Actions [[38, 34, 'BE']]
Realizing [38, 34, 'BE']
[[38, 34], [38, 35], [38, 36], [39, 28], [39, 29], [39, 30], [39, 31], [39, 32], [40, 28], [40, 29], [40, 30], [40, 31], [40, 32], [41, 28], [41, 29], [42, 28], [42, 29], [43, 28], [43, 29], [44, 28], [44, 29], [45, 28], [45, 29], [46, 28], [46, 29]]
Actions [[38, 34, 'BE']]
Realizing [38, 34, 'BE']
[[38, 34], [38, 35], [38, 36], [39, 28], [39, 29], [39, 30], [39, 31], [39, 32], [40, 28], [40, 29], [40, 30], [40, 31], [40, 32], [41, 28], [41, 29], [42, 28], [42, 29], [43, 28], [43, 29], [44, 28], [44, 29], [45, 28], [45, 29], [46, 28], [46, 29]]
Actions [[38, 34, 'BE']]
Realizing [38, 34, 'BE']
[[38, 34], [38, 35], [38, 36], [39, 28], [39, 29], [39, 30], [39, 31], [39, 32], [40, 28], [40, 29], [40, 30], [40, 31], [40, 32], [41, 28], [41, 29], [42, 28], [42, 29], [43, 28], [43, 29], [44, 28], [44, 29], [45, 28], [45, 29], [46, 28], [46, 29]]
Actions [[38, 34, 'BE']]
Realizing [38, 34, 'BE']
[[38, 34], [38, 35], [38, 36], [39, 28], [39, 29], [39, 30], [39, 31], [39, 32], [40, 28], [40, 29], [40, 30], [40, 31], [40, 32], [41, 28], [41, 29], [42, 28], [42, 29], [43, 28], [43, 29], [44, 28], [44, 29], [45, 28], [45, 29], [46, 28], [46, 29]]
Actions [[38, 34, 'BE']]
Realizing [38, 34, 'BE']
[[38, 34], [38, 35], [38, 36], [39, 28], [39, 29], [39, 30], [39, 31], [39, 32], [40, 28], [40, 29], [40, 30], [40, 31], [40, 32], [41, 28], [41, 29], [42, 28], [42, 29], [43, 28], [43, 29], [44, 28], [44, 29], [45, 28], [45, 29], [46, 28], [46, 29]]
Actions [[38, 34, 'BE']]
Realizing [38, 34, 'BE']
[[38, 34], [38, 35], [38, 36], [39, 28], [39, 29], [39, 30], [39, 31], [39, 32], [40, 28], [40, 29], [40, 30], [40, 31], [40, 32], [41, 28], [41, 29], [42, 28], [42, 29], [43, 28], [43, 29], [44, 28], [44, 29], [45, 28], [45, 29], [46, 28], [46, 29]]
Actions [[38, 34, 'BE']]
Realizing [38, 34, 'BE']
[[38, 34], [38, 35], [38, 36], [39, 28], [39, 29], [39, 30], [39, 31], [39, 32], [40, 28], [40, 29], [40, 30], [40, 31], [40, 32], [41, 28], [41, 29], [42, 28], [42, 29], [43, 28], [43, 29], [44, 28], [44, 29], [45, 28], [45, 29], [46, 28], [46, 29]]
Actions [[38, 34, 'BE']]
Realizing [38, 34, 'BE']
[[38, 34], [38, 35], [38, 36], [39, 28], [39, 29], [39, 30], [39, 31], [39, 32], [40, 28], [40, 29], [40, 30], [40, 31], [40, 32], [41, 28], [41, 29], [42, 28], [42, 29], [43, 28], [43, 29], [44, 28], [44, 29], [45, 28], [45, 29], [46, 28], [46, 29]]
Actions [[38, 34, 'BE']]
Realizing [38, 34, 'BE']
[[38, 34], [38, 35], [38, 36], [39, 28], [39, 29], [39, 30], [39, 31], [39, 32], [40, 28], [40, 29], [40, 30], [40, 31], [40, 32], [41, 28], [41, 29], [42, 28], [42, 29], [43, 28], [43, 29], [44, 28], [44, 29], [45, 28], [45, 29], [46, 28], [46, 29]]
Actions [[38, 34, 'BE']]
Realizing [38, 34, 'BE']
[[38, 34], [38, 35], [38, 36], [39, 28], [39, 29], [39, 30], [39, 31], [39, 32], [40, 28], [40, 29], [40, 30], [40, 31], [40, 32], [41, 28], [41, 29], [42, 28], [42, 29], [43, 28], [43, 29], [44, 28], [44, 29], [45, 28], [45, 29], [46, 28], [46, 29]]
Actions [[38, 34, 'BE']]
Realizing [38, 34, 'BE']
[[38, 34], [38, 35], [38, 36], [39, 28], [39, 29], [39, 30], [39, 31], [39, 32], [40, 28], [40, 29], [40, 30], [40, 31], [40, 32], [41, 28], [41, 29], [42, 28], [42, 29], [43, 28], [43, 29], [44, 28], [44, 29], [45, 28], [45, 29], [46, 28], [46, 29]]
Actions [[38, 34, 'BE']]
Realizing [38, 34, 'BE']
[[38, 34], [38, 35], [38, 36], [39, 28], [39, 29], [39, 30], [39, 31], [39, 32], [40, 28], [40, 29], [40, 30], [40, 31], [40, 32], [41, 28], [41, 29], [42, 28], [42, 29], [43, 28], [43, 29], [44, 28], [44, 29], [45, 28], [45, 29], [46, 28], [46, 29]]
Actions [[38, 34, 'BE']]
Realizing [38, 34, 'BE']
[[38, 34], [38, 35], [38, 36], [39, 28], [39, 29], [39, 30], [39, 31], [39, 32], [40, 28], [40, 29], [40, 30], [40, 31], [40, 32], [41, 28], [41, 29], [42, 28], [42, 29], [43, 28], [43, 29], [44, 28], [44, 29], [45, 28], [45, 29], [46, 28], [46, 29]]
Actions [[38, 34, 'BE']]
Realizing [38, 34, 'BE']
[[38, 34], [38, 35], [38, 36], [39, 28], [39, 29], [39, 30], [39, 31], [39, 32], [40, 28], [40, 29], [40, 30], [40, 31], [40, 32], [41, 28], [41, 29], [42, 28], [42, 29], [43, 28], [43, 29], [44, 28], [44, 29], [45, 28], [45, 29], [46, 28], [46, 29]]
Actions [[38, 34, 'BE']]
Realizing [38, 34, 'BE']
[[38, 34], [38, 35], [38, 36], [39, 28], [39, 29], [39, 30], [39, 31], [39, 32], [40, 28], [40, 29], [40, 30], [40, 31], [40, 32], [41, 28], [41, 29], [42, 28], [42, 29], [43, 28], [43, 29], [44, 28], [44, 29], [45, 28], [45, 29], [46, 28], [46, 29]]
Actions [[38, 34, 'BE']]
Realizing [38, 34, 'BE']
[[38, 34], [38, 35], [38, 36], [39, 28], [39, 29], [39, 30], [39, 31], [39, 32], [40, 28], [40, 29], [40, 30], [40, 31], [40, 32], [41, 28], [41, 29], [42, 28], [42, 29], [43, 28], [43, 29], [44, 28], [44, 29], [45, 28], [45, 29], [46, 28], [46, 29]]
Actions [[38, 34, 'BE']]
Realizing [38, 34, 'BE']
[[38, 34], [38, 35], [38, 36], [39, 28], [39, 29], [39, 30], [39, 31], [39, 32], [40, 28], [40, 29], [40, 30], [40, 31], [40, 32], [41, 28], [41, 29], [42, 28], [42, 29], [43, 28], [43, 29], [44, 28], [44, 29], [45, 28], [45, 29], [46, 28], [46, 29]]
Actions [[38, 34, 'BE']]
Realizing [38, 34, 'BE']
[[38, 34], [38, 35], [38, 36], [39, 28], [39, 29], [39, 30], [39, 31], [39, 32], [40, 28], [40, 29], [40, 30], [40, 31], [40, 32], [41, 28], [41, 29], [42, 28], [42, 29], [43, 28], [43, 29], [44, 28], [44, 29], [45, 28], [45, 29], [46, 28], [46, 29]]
Actions [[38, 34, 'BE']]
Realizing [38, 34, 'BE']
[[38, 34], [38, 35], [38, 36], [39, 28], [39, 29], [39, 30], [39, 31], [39, 32], [40, 28], [40, 29], [40, 30], [40, 31], [40, 32], [41, 28], [41, 29], [42, 28], [42, 29], [43, 28], [43, 29], [44, 28], [44, 29], [45, 28], [45, 29], [46, 28], [46, 29]]
Actions [[38, 34, 'BE']]
Realizing [38, 34, 'BE']
[[38, 34], [38, 35], [38, 36], [39, 28], [39, 29], [39, 30], [39, 31], [39, 32], [40, 28], [40, 29], [40, 30], [40, 31], [40, 32], [41, 28], [41, 29], [42, 28], [42, 29], [43, 28], [43, 29], [44, 28], [44, 29], [45, 28], [45, 29], [46, 28], [46, 29]]
Actions [[38, 34, 'BE']]
Realizing [38, 34, 'BE']
[[38, 34], [38, 35], [38, 36], [39, 28], [39, 29], [39, 30], [39, 31], [39, 32], [40, 28], [40, 29], [40, 30], [40, 31], [40, 32], [41, 28], [41, 29], [42, 28], [42, 29], [43, 28], [43, 29], [44, 28], [44, 29], [45, 28], [45, 29], [46, 28], [46, 29]]
Actions [[38, 34, 'BE']]
Realizing [38, 34, 'BE']
[[38, 34], [38, 35], [38, 36], [39, 28], [39, 29], [39, 30], [39, 31], [39, 32], [40, 28], [40, 29], [40, 30], [40, 31], [40, 32], [41, 28], [41, 29], [42, 28], [42, 29], [43, 28], [43, 29], [44, 28], [44, 29], [45, 28], [45, 29], [46, 28], [46, 29]]
Actions [[38, 34, 'BE']]
Realizing [38, 34, 'BE']
[[38, 34], [38, 35], [38, 36], [39, 28], [39, 29], [39, 30], [39, 31], [39, 32], [40, 28], [40, 29], [40, 30], [40, 31], [40, 32], [41, 28], [41, 29], [42, 28], [42, 29], [43, 28], [43, 29], [44, 28], [44, 29], [45, 28], [45, 29], [46, 28], [46, 29]]
Actions [[38, 34, 'BE']]
Realizing [38, 34, 'BE']
[[38, 34], [38, 35], [38, 36], [39, 28], [39, 29], [39, 30], [39, 31], [39, 32], [40, 28], [40, 29], [40, 30], [40, 31], [40, 32], [41, 28], [41, 29], [42, 28], [42, 29], [43, 28], [43, 29], [44, 28], [44, 29], [45, 28], [45, 29], [46, 28], [46, 29]]
Actions [[38, 34, 'BE']]
Realizing [38, 34, 'BE']
[[38, 34], [38, 35], [38, 36], [39, 28], [39, 29], [39, 30], [39, 31], [39, 32], [40, 28], [40, 29], [40, 30], [40, 31], [40, 32], [41, 28], [41, 29], [42, 28], [42, 29], [43, 28], [43, 29], [44, 28], [44, 29], [45, 28], [45, 29], [46, 28], [46, 29]]
Actions [[38, 34, 'BE']]
Realizing [38, 34, 'BE']
[[38, 34], [38, 35], [38, 36], [39, 28], [39, 29], [39, 30], [39, 31], [39, 32], [40, 28], [40, 29], [40, 30], [40, 31], [40, 32], [41, 28], [41, 29], [42, 28], [42, 29], [43, 28], [43, 29], [44, 28], [44, 29], [45, 28], [45, 29], [46, 28], [46, 29]]
Actions [[38, 34, 'BE']]
Realizing [38, 34, 'BE']
[[38, 34], [38, 35], [38, 36], [39, 28], [39, 29], [39, 30], [39, 31], [39, 32], [40, 28], [40, 29], [40, 30], [40, 31], [40, 32], [41, 28], [41, 29], [42, 28], [42, 29], [43, 28], [43, 29], [44, 28], [44, 29], [45, 28], [45, 29], [46, 28], [46, 29]]
Actions [[38, 35, 'VC'], [38, 35, 'VD']]
Realizing [38, 35, 'VC']
[[38, 35], [38, 36], [39, 28], [39, 29], [39, 30], [39, 31], [39, 32], [40, 28], [40, 29], [40, 30], [40, 31], [40, 32], [41, 28], [41, 29], [42, 28], [42, 29], [43, 28], [43, 29], [44, 28], [44, 29], [45, 28], [45, 29], [46, 28], [46, 29]]
Realizing [38, 35, 'VD']
[[38, 35], [38, 36], [39, 28], [39, 29], [39, 30], [39, 31], [39, 32], [40, 28], [40, 29], [40, 30], [40, 31], [40, 32], [41, 28], [41, 29], [42, 28], [42, 29], [43, 28], [43, 29], [44, 28], [44, 29], [45, 28], [45, 29], [46, 28], [46, 29]]
Actions [[38, 35, 'VD']]
Realizing [38, 35, 'VD']
[[38, 35], [38, 36], [39, 28], [39, 29], [39, 30], [39, 31], [39, 32], [40, 28], [40, 29], [40, 30], [40, 31], [40, 32], [41, 28], [41, 29], [42, 28], [42, 29], [43, 28], [43, 29], [44, 28], [44, 29], [45, 28], [45, 29], [46, 28], [46, 29]]
Actions [[38, 35, 'VD']]
Realizing [38, 35, 'VD']
[[38, 35], [38, 36], [39, 28], [39, 29], [39, 30], [39, 31], [39, 32], [40, 28], [40, 29], [40, 30], [40, 31], [40, 32], [41, 28], [41, 29], [42, 28], [42, 29], [43, 28], [43, 29], [44, 28], [44, 29], [45, 28], [45, 29], [46, 28], [46, 29]]
Actions [[38, 35, 'VD']]
Realizing [38, 35, 'VD']
[[38, 35], [38, 36], [39, 28], [39, 29], [39, 30], [39, 31], [39, 32], [40, 28], [40, 29], [40, 30], [40, 31], [40, 32], [41, 28], [41, 29], [42, 28], [42, 29], [43, 28], [43, 29], [44, 28], [44, 29], [45, 28], [45, 29], [46, 28], [46, 29]]
Actions [[38, 35, 'VD']]
Realizing [38, 35, 'VD']
[[38, 35], [38, 36], [39, 28], [39, 29], [39, 30], [39, 31], [39, 32], [40, 28], [40, 29], [40, 30], [40, 31], [40, 32], [41, 28], [41, 29], [42, 28], [42, 29], [43, 28], [43, 29], [44, 28], [44, 29], [45, 28], [45, 29], [46, 28], [46, 29]]
Actions [[38, 35, 'VD']]
Realizing [38, 35, 'VD']
[[38, 35], [38, 36], [39, 28], [39, 29], [39, 30], [39, 31], [39, 32], [40, 28], [40, 29], [40, 30], [40, 31], [40, 32], [41, 28], [41, 29], [42, 28], [42, 29], [43, 28], [43, 29], [44, 28], [44, 29], [45, 28], [45, 29], [46, 28], [46, 29]]
Actions [[38, 35, 'VD']]
Realizing [38, 35, 'VD']
[[38, 35], [38, 36], [39, 28], [39, 29], [39, 30], [39, 31], [39, 32], [40, 28], [40, 29], [40, 30], [40, 31], [40, 32], [41, 28], [41, 29], [42, 28], [42, 29], [43, 28], [43, 29], [44, 28], [44, 29], [45, 28], [45, 29], [46, 28], [46, 29]]
Actions [[38, 35, 'VD']]
Realizing [38, 35, 'VD']
[[38, 35], [38, 36], [39, 28], [39, 29], [39, 30], [39, 31], [39, 32], [40, 28], [40, 29], [40, 30], [40, 31], [40, 32], [41, 28], [41, 29], [42, 28], [42, 29], [43, 28], [43, 29], [44, 28], [44, 29], [45, 28], [45, 29], [46, 28], [46, 29]]
Actions [[38, 35, 'VD']]
Realizing [38, 35, 'VD']
[[38, 35], [38, 36], [39, 28], [39, 29], [39, 30], [39, 31], [39, 32], [40, 28], [40, 29], [40, 30], [40, 31], [40, 32], [41, 28], [41, 29], [42, 28], [42, 29], [43, 28], [43, 29], [44, 28], [44, 29], [45, 28], [45, 29], [46, 28], [46, 29]]
Actions [[38, 35, 'VD']]
Realizing [38, 35, 'VD']
[[38, 35], [38, 36], [39, 28], [39, 29], [39, 30], [39, 31], [39, 32], [40, 28], [40, 29], [40, 30], [40, 31], [40, 32], [41, 28], [41, 29], [42, 28], [42, 29], [43, 28], [43, 29], [44, 28], [44, 29], [45, 28], [45, 29], [46, 28], [46, 29]]
Actions [[38, 35, 'VD']]
Realizing [38, 35, 'VD']
[[38, 35], [38, 36], [39, 28], [39, 29], [39, 30], [39, 31], [39, 32], [40, 28], [40, 29], [40, 30], [40, 31], [40, 32], [41, 28], [41, 29], [42, 28], [42, 29], [43, 28], [43, 29], [44, 28], [44, 29], [45, 28], [45, 29], [46, 28], [46, 29]]
Actions [[38, 35, 'VD']]
Realizing [38, 35, 'VD']
[[38, 35], [38, 36], [39, 28], [39, 29], [39, 30], [39, 31], [39, 32], [40, 28], [40, 29], [40, 30], [40, 31], [40, 32], [41, 28], [41, 29], [42, 28], [42, 29], [43, 28], [43, 29], [44, 28], [44, 29], [45, 28], [45, 29], [46, 28], [46, 29]]
Actions [[38, 35, 'VD']]
Realizing [38, 35, 'VD']
[[38, 35], [38, 36], [39, 28], [39, 29], [39, 30], [39, 31], [39, 32], [40, 28], [40, 29], [40, 30], [40, 31], [40, 32], [41, 28], [41, 29], [42, 28], [42, 29], [43, 28], [43, 29], [44, 28], [44, 29], [45, 28], [45, 29], [46, 28], [46, 29]]
Actions [[38, 35, 'VD']]
Realizing [38, 35, 'VD']
[[38, 35], [38, 36], [39, 28], [39, 29], [39, 30], [39, 31], [39, 32], [40, 28], [40, 29], [40, 30], [40, 31], [40, 32], [41, 28], [41, 29], [42, 28], [42, 29], [43, 28], [43, 29], [44, 28], [44, 29], [45, 28], [45, 29], [46, 28], [46, 29]]
Actions [[38, 35, 'VD']]
Realizing [38, 35, 'VD']
[[38, 35], [38, 36], [39, 28], [39, 29], [39, 30], [39, 31], [39, 32], [40, 28], [40, 29], [40, 30], [40, 31], [40, 32], [41, 28], [41, 29], [42, 28], [42, 29], [43, 28], [43, 29], [44, 28], [44, 29], [45, 28], [45, 29], [46, 28], [46, 29]]
Actions [[38, 35, 'VD']]
Realizing [38, 35, 'VD']
[[38, 35], [38, 36], [39, 28], [39, 29], [39, 30], [39, 31], [39, 32], [40, 28], [40, 29], [40, 30], [40, 31], [40, 32], [41, 28], [41, 29], [42, 28], [42, 29], [43, 28], [43, 29], [44, 28], [44, 29], [45, 28], [45, 29], [46, 28], [46, 29]]
Actions [[38, 35, 'VD']]
Realizing [38, 35, 'VD']
[[38, 35], [38, 36], [39, 28], [39, 29], [39, 30], [39, 31], [39, 32], [40, 28], [40, 29], [40, 30], [40, 31], [40, 32], [41, 28], [41, 29], [42, 28], [42, 29], [43, 28], [43, 29], [44, 28], [44, 29], [45, 28], [45, 29], [46, 28], [46, 29]]
Actions [[38, 35, 'VD']]
Realizing [38, 35, 'VD']
[[38, 35], [38, 36], [39, 28], [39, 29], [39, 30], [39, 31], [39, 32], [40, 28], [40, 29], [40, 30], [40, 31], [40, 32], [41, 28], [41, 29], [42, 28], [42, 29], [43, 28], [43, 29], [44, 28], [44, 29], [45, 28], [45, 29], [46, 28], [46, 29]]
Actions [[38, 35, 'VD']]
Realizing [38, 35, 'VD']
[[38, 35], [38, 36], [39, 28], [39, 29], [39, 30], [39, 31], [39, 32], [40, 28], [40, 29], [40, 30], [40, 31], [40, 32], [41, 28], [41, 29], [42, 28], [42, 29], [43, 28], [43, 29], [44, 28], [44, 29], [45, 28], [45, 29], [46, 28], [46, 29]]
Actions [[38, 35, 'VD']]
Realizing [38, 35, 'VD']
[[38, 35], [38, 36], [39, 28], [39, 29], [39, 30], [39, 31], [39, 32], [40, 28], [40, 29], [40, 30], [40, 31], [40, 32], [41, 28], [41, 29], [42, 28], [42, 29], [43, 28], [43, 29], [44, 28], [44, 29], [45, 28], [45, 29], [46, 28], [46, 29]]
Actions [[38, 35, 'VD']]
Realizing [38, 35, 'VD']
[[38, 35], [38, 36], [39, 28], [39, 29], [39, 30], [39, 31], [39, 32], [40, 28], [40, 29], [40, 30], [40, 31], [40, 32], [41, 28], [41, 29], [42, 28], [42, 29], [43, 28], [43, 29], [44, 28], [44, 29], [45, 28], [45, 29], [46, 28], [46, 29]]
Actions [[38, 35, 'VD']]
Realizing [38, 35, 'VD']
[[38, 35], [38, 36], [39, 28], [39, 29], [39, 30], [39, 31], [39, 32], [40, 28], [40, 29], [40, 30], [40, 31], [40, 32], [41, 28], [41, 29], [42, 28], [42, 29], [43, 28], [43, 29], [44, 28], [44, 29], [45, 28], [45, 29], [46, 28], [46, 29]]
Actions [[38, 35, 'VD']]
Realizing [38, 35, 'VD']
[[38, 35], [38, 36], [39, 28], [39, 29], [39, 30], [39, 31], [39, 32], [40, 28], [40, 29], [40, 30], [40, 31], [40, 32], [41, 28], [41, 29], [42, 28], [42, 29], [43, 28], [43, 29], [44, 28], [44, 29], [45, 28], [45, 29], [46, 28], [46, 29]]
Actions [[38, 35, 'VD']]
Realizing [38, 35, 'VD']
[[38, 35], [38, 36], [39, 28], [39, 29], [39, 30], [39, 31], [39, 32], [40, 28], [40, 29], [40, 30], [40, 31], [40, 32], [41, 28], [41, 29], [42, 28], [42, 29], [43, 28], [43, 29], [44, 28], [44, 29], [45, 28], [45, 29], [46, 28], [46, 29]]
Actions [[38, 35, 'VD']]
Realizing [38, 35, 'VD']
[[38, 35], [38, 36], [39, 28], [39, 29], [39, 30], [39, 31], [39, 32], [40, 28], [40, 29], [40, 30], [40, 31], [40, 32], [41, 28], [41, 29], [42, 28], [42, 29], [43, 28], [43, 29], [44, 28], [44, 29], [45, 28], [45, 29], [46, 28], [46, 29]]
Actions [[38, 35, 'VD']]
Realizing [38, 35, 'VD']
[[38, 35], [38, 36], [39, 28], [39, 29], [39, 30], [39, 31], [39, 32], [40, 28], [40, 29], [40, 30], [40, 31], [40, 32], [41, 28], [41, 29], [42, 28], [42, 29], [43, 28], [43, 29], [44, 28], [44, 29], [45, 28], [45, 29], [46, 28], [46, 29]]
Actions [[38, 35, 'VD']]
Realizing [38, 35, 'VD']
[[38, 35], [38, 36], [39, 28], [39, 29], [39, 30], [39, 31], [39, 32], [40, 28], [40, 29], [40, 30], [40, 31], [40, 32], [41, 28], [41, 29], [42, 28], [42, 29], [43, 28], [43, 29], [44, 28], [44, 29], [45, 28], [45, 29], [46, 28], [46, 29]]
Actions [[38, 35, 'VD']]
Realizing [38, 35, 'VD']
[[38, 35], [38, 36], [39, 28], [39, 29], [39, 30], [39, 31], [39, 32], [40, 28], [40, 29], [40, 30], [40, 31], [40, 32], [41, 28], [41, 29], [42, 28], [42, 29], [43, 28], [43, 29], [44, 28], [44, 29], [45, 28], [45, 29], [46, 28], [46, 29]]
Actions [[38, 35, 'VD']]
Realizing [38, 35, 'VD']
[[38, 35], [38, 36], [39, 28], [39, 29], [39, 30], [39, 31], [39, 32], [40, 28], [40, 29], [40, 30], [40, 31], [40, 32], [41, 28], [41, 29], [42, 28], [42, 29], [43, 28], [43, 29], [44, 28], [44, 29], [45, 28], [45, 29], [46, 28], [46, 29]]
Actions [[38, 35, 'VD']]
Realizing [38, 35, 'VD']
[[38, 35], [38, 36], [39, 28], [39, 29], [39, 30], [39, 31], [39, 32], [40, 28], [40, 29], [40, 30], [40, 31], [40, 32], [41, 28], [41, 29], [42, 28], [42, 29], [43, 28], [43, 29], [44, 28], [44, 29], [45, 28], [45, 29], [46, 28], [46, 29]]
Actions [[38, 36, 'FC'], [38, 36, 'FE']]
Realizing [38, 36, 'FC']
[[38, 36], [39, 28], [39, 29], [39, 30], [39, 31], [39, 32], [40, 28], [40, 29], [40, 30], [40, 31], [40, 32], [41, 28], [41, 29], [42, 28], [42, 29], [43, 28], [43, 29], [44, 28], [44, 29], [45, 28], [45, 29], [46, 28], [46, 29]]
Realizing [38, 36, 'FE']
[[38, 36], [39, 28], [39, 29], [39, 30], [39, 31], [39, 32], [40, 28], [40, 29], [40, 30], [40, 31], [40, 32], [41, 28], [41, 29], [42, 28], [42, 29], [43, 28], [43, 29], [44, 28], [44, 29], [45, 28], [45, 29], [46, 28], [46, 29]]
Actions [[38, 36, 'FE']]
Realizing [38, 36, 'FE']
[[38, 36], [39, 28], [39, 29], [39, 30], [39, 31], [39, 32], [40, 28], [40, 29], [40, 30], [40, 31], [40, 32], [41, 28], [41, 29], [42, 28], [42, 29], [43, 28], [43, 29], [44, 28], [44, 29], [45, 28], [45, 29], [46, 28], [46, 29]]
Actions [[38, 36, 'FE']]
Realizing [38, 36, 'FE']
[[38, 36], [39, 28], [39, 29], [39, 30], [39, 31], [39, 32], [40, 28], [40, 29], [40, 30], [40, 31], [40, 32], [41, 28], [41, 29], [42, 28], [42, 29], [43, 28], [43, 29], [44, 28], [44, 29], [45, 28], [45, 29], [46, 28], [46, 29]]
Actions [[38, 36, 'FE']]
Realizing [38, 36, 'FE']
[[38, 36], [39, 28], [39, 29], [39, 30], [39, 31], [39, 32], [40, 28], [40, 29], [40, 30], [40, 31], [40, 32], [41, 28], [41, 29], [42, 28], [42, 29], [43, 28], [43, 29], [44, 28], [44, 29], [45, 28], [45, 29], [46, 28], [46, 29]]
Actions [[38, 36, 'FE']]
Realizing [38, 36, 'FE']
[[38, 36], [39, 28], [39, 29], [39, 30], [39, 31], [39, 32], [40, 28], [40, 29], [40, 30], [40, 31], [40, 32], [41, 28], [41, 29], [42, 28], [42, 29], [43, 28], [43, 29], [44, 28], [44, 29], [45, 28], [45, 29], [46, 28], [46, 29]]
Actions [[38, 36, 'FE']]
Realizing [38, 36, 'FE']
[[38, 36], [39, 28], [39, 29], [39, 30], [39, 31], [39, 32], [40, 28], [40, 29], [40, 30], [40, 31], [40, 32], [41, 28], [41, 29], [42, 28], [42, 29], [43, 28], [43, 29], [44, 28], [44, 29], [45, 28], [45, 29], [46, 28], [46, 29]]
Actions [[38, 36, 'FE']]
Realizing [38, 36, 'FE']
[[38, 36], [39, 28], [39, 29], [39, 30], [39, 31], [39, 32], [40, 28], [40, 29], [40, 30], [40, 31], [40, 32], [41, 28], [41, 29], [42, 28], [42, 29], [43, 28], [43, 29], [44, 28], [44, 29], [45, 28], [45, 29], [46, 28], [46, 29]]
Actions [[38, 36, 'FE']]
Realizing [38, 36, 'FE']
[[38, 36], [39, 28], [39, 29], [39, 30], [39, 31], [39, 32], [40, 28], [40, 29], [40, 30], [40, 31], [40, 32], [41, 28], [41, 29], [42, 28], [42, 29], [43, 28], [43, 29], [44, 28], [44, 29], [45, 28], [45, 29], [46, 28], [46, 29]]
Actions [[38, 36, 'FE']]
Realizing [38, 36, 'FE']
[[38, 36], [39, 28], [39, 29], [39, 30], [39, 31], [39, 32], [40, 28], [40, 29], [40, 30], [40, 31], [40, 32], [41, 28], [41, 29], [42, 28], [42, 29], [43, 28], [43, 29], [44, 28], [44, 29], [45, 28], [45, 29], [46, 28], [46, 29]]
Actions [[38, 36, 'FE']]
Realizing [38, 36, 'FE']
[[38, 36], [39, 28], [39, 29], [39, 30], [39, 31], [39, 32], [40, 28], [40, 29], [40, 30], [40, 31], [40, 32], [41, 28], [41, 29], [42, 28], [42, 29], [43, 28], [43, 29], [44, 28], [44, 29], [45, 28], [45, 29], [46, 28], [46, 29]]
Actions [[38, 36, 'FE']]
Realizing [38, 36, 'FE']
[[38, 36], [39, 28], [39, 29], [39, 30], [39, 31], [39, 32], [40, 28], [40, 29], [40, 30], [40, 31], [40, 32], [41, 28], [41, 29], [42, 28], [42, 29], [43, 28], [43, 29], [44, 28], [44, 29], [45, 28], [45, 29], [46, 28], [46, 29]]
Actions [[38, 36, 'FE']]
Realizing [38, 36, 'FE']
[[38, 36], [39, 28], [39, 29], [39, 30], [39, 31], [39, 32], [40, 28], [40, 29], [40, 30], [40, 31], [40, 32], [41, 28], [41, 29], [42, 28], [42, 29], [43, 28], [43, 29], [44, 28], [44, 29], [45, 28], [45, 29], [46, 28], [46, 29]]
Actions [[38, 36, 'FE']]
Realizing [38, 36, 'FE']
[[38, 36], [39, 28], [39, 29], [39, 30], [39, 31], [39, 32], [40, 28], [40, 29], [40, 30], [40, 31], [40, 32], [41, 28], [41, 29], [42, 28], [42, 29], [43, 28], [43, 29], [44, 28], [44, 29], [45, 28], [45, 29], [46, 28], [46, 29]]
Actions [[38, 36, 'FE']]
Realizing [38, 36, 'FE']
[[38, 36], [39, 28], [39, 29], [39, 30], [39, 31], [39, 32], [40, 28], [40, 29], [40, 30], [40, 31], [40, 32], [41, 28], [41, 29], [42, 28], [42, 29], [43, 28], [43, 29], [44, 28], [44, 29], [45, 28], [45, 29], [46, 28], [46, 29]]
Actions [[38, 36, 'FE']]
Realizing [38, 36, 'FE']
[[38, 36], [39, 28], [39, 29], [39, 30], [39, 31], [39, 32], [40, 28], [40, 29], [40, 30], [40, 31], [40, 32], [41, 28], [41, 29], [42, 28], [42, 29], [43, 28], [43, 29], [44, 28], [44, 29], [45, 28], [45, 29], [46, 28], [46, 29]]
Actions [[38, 36, 'FE']]
Realizing [38, 36, 'FE']
[[38, 36], [39, 28], [39, 29], [39, 30], [39, 31], [39, 32], [40, 28], [40, 29], [40, 30], [40, 31], [40, 32], [41, 28], [41, 29], [42, 28], [42, 29], [43, 28], [43, 29], [44, 28], [44, 29], [45, 28], [45, 29], [46, 28], [46, 29]]
Actions [[38, 36, 'FE']]
Realizing [38, 36, 'FE']
[[38, 36], [39, 28], [39, 29], [39, 30], [39, 31], [39, 32], [40, 28], [40, 29], [40, 30], [40, 31], [40, 32], [41, 28], [41, 29], [42, 28], [42, 29], [43, 28], [43, 29], [44, 28], [44, 29], [45, 28], [45, 29], [46, 28], [46, 29]]
Actions [[38, 36, 'FE']]
Realizing [38, 36, 'FE']
[[38, 36], [39, 28], [39, 29], [39, 30], [39, 31], [39, 32], [40, 28], [40, 29], [40, 30], [40, 31], [40, 32], [41, 28], [41, 29], [42, 28], [42, 29], [43, 28], [43, 29], [44, 28], [44, 29], [45, 28], [45, 29], [46, 28], [46, 29]]
Actions [[38, 36, 'FE']]
Realizing [38, 36, 'FE']
[[38, 36], [39, 28], [39, 29], [39, 30], [39, 31], [39, 32], [40, 28], [40, 29], [40, 30], [40, 31], [40, 32], [41, 28], [41, 29], [42, 28], [42, 29], [43, 28], [43, 29], [44, 28], [44, 29], [45, 28], [45, 29], [46, 28], [46, 29]]
Actions [[38, 36, 'FE']]
Realizing [38, 36, 'FE']
[[38, 36], [39, 28], [39, 29], [39, 30], [39, 31], [39, 32], [40, 28], [40, 29], [40, 30], [40, 31], [40, 32], [41, 28], [41, 29], [42, 28], [42, 29], [43, 28], [43, 29], [44, 28], [44, 29], [45, 28], [45, 29], [46, 28], [46, 29]]
Actions [[38, 36, 'FE']]
Realizing [38, 36, 'FE']
[[38, 36], [39, 28], [39, 29], [39, 30], [39, 31], [39, 32], [40, 28], [40, 29], [40, 30], [40, 31], [40, 32], [41, 28], [41, 29], [42, 28], [42, 29], [43, 28], [43, 29], [44, 28], [44, 29], [45, 28], [45, 29], [46, 28], [46, 29]]
Actions [[38, 36, 'FE']]
Realizing [38, 36, 'FE']
[[38, 36], [39, 28], [39, 29], [39, 30], [39, 31], [39, 32], [40, 28], [40, 29], [40, 30], [40, 31], [40, 32], [41, 28], [41, 29], [42, 28], [42, 29], [43, 28], [43, 29], [44, 28], [44, 29], [45, 28], [45, 29], [46, 28], [46, 29]]
Actions [[38, 36, 'FE']]
Realizing [38, 36, 'FE']
[[38, 36], [39, 28], [39, 29], [39, 30], [39, 31], [39, 32], [40, 28], [40, 29], [40, 30], [40, 31], [40, 32], [41, 28], [41, 29], [42, 28], [42, 29], [43, 28], [43, 29], [44, 28], [44, 29], [45, 28], [45, 29], [46, 28], [46, 29]]
Actions [[38, 36, 'FE']]
Realizing [38, 36, 'FE']
[[38, 36], [39, 28], [39, 29], [39, 30], [39, 31], [39, 32], [40, 28], [40, 29], [40, 30], [40, 31], [40, 32], [41, 28], [41, 29], [42, 28], [42, 29], [43, 28], [43, 29], [44, 28], [44, 29], [45, 28], [45, 29], [46, 28], [46, 29]]
Actions [[38, 36, 'FE']]
Realizing [38, 36, 'FE']
[[38, 36], [39, 28], [39, 29], [39, 30], [39, 31], [39, 32], [40, 28], [40, 29], [40, 30], [40, 31], [40, 32], [41, 28], [41, 29], [42, 28], [42, 29], [43, 28], [43, 29], [44, 28], [44, 29], [45, 28], [45, 29], [46, 28], [46, 29]]
Actions [[38, 36, 'FE']]
Realizing [38, 36, 'FE']
[[38, 36], [39, 28], [39, 29], [39, 30], [39, 31], [39, 32], [40, 28], [40, 29], [40, 30], [40, 31], [40, 32], [41, 28], [41, 29], [42, 28], [42, 29], [43, 28], [43, 29], [44, 28], [44, 29], [45, 28], [45, 29], [46, 28], [46, 29]]
Actions [[38, 36, 'FE']]
Realizing [38, 36, 'FE']
[[38, 36], [39, 28], [39, 29], [39, 30], [39, 31], [39, 32], [40, 28], [40, 29], [40, 30], [40, 31], [40, 32], [41, 28], [41, 29], [42, 28], [42, 29], [43, 28], [43, 29], [44, 28], [44, 29], [45, 28], [45, 29], [46, 28], [46, 29]]
Actions [[38, 36, 'FE']]
Realizing [38, 36, 'FE']
[[38, 36], [39, 28], [39, 29], [39, 30], [39, 31], [39, 32], [40, 28], [40, 29], [40, 30], [40, 31], [40, 32], [41, 28], [41, 29], [42, 28], [42, 29], [43, 28], [43, 29], [44, 28], [44, 29], [45, 28], [45, 29], [46, 28], [46, 29]]
Actions [[38, 36, 'FE']]
Realizing [38, 36, 'FE']
[[38, 36], [39, 28], [39, 29], [39, 30], [39, 31], [39, 32], [40, 28], [40, 29], [40, 30], [40, 31], [40, 32], [41, 28], [41, 29], [42, 28], [42, 29], [43, 28], [43, 29], [44, 28], [44, 29], [45, 28], [45, 29], [46, 28], [46, 29]]
Actions [[38, 36, 'FE']]
Realizing [38, 36, 'FE']
[[38, 36], [39, 28], [39, 29], [39, 30], [39, 31], [39, 32], [40, 28], [40, 29], [40, 30], [40, 31], [40, 32], [41, 28], [41, 29], [42, 28], [42, 29], [43, 28], [43, 29], [44, 28], [44, 29], [45, 28], [45, 29], [46, 28], [46, 29]]
Actions [[38, 36, 'FE']]
Realizing [38, 36, 'FE']
[[38, 36], [39, 28], [39, 29], [39, 30], [39, 31], [39, 32], [40, 28], [40, 29], [40, 30], [40, 31], [40, 32], [41, 28], [41, 29], [42, 28], [42, 29], [43, 28], [43, 29], [44, 28], [44, 29], [45, 28], [45, 29], [46, 28], [46, 29]]
Actions [[39, 28, 'FC'], [39, 28, 'FB'], [39, 28, 'FD']]
Realizing [39, 28, 'FC']
[[39, 28], [39, 29], [39, 30], [39, 31], [39, 32], [40, 28], [40, 29], [40, 30], [40, 31], [40, 32], [41, 28], [41, 29], [42, 28], [42, 29], [43, 28], [43, 29], [44, 28], [44, 29], [45, 28], [45, 29], [46, 28], [46, 29]]
Realizing [39, 28, 'FB']
[[39, 28], [39, 29], [39, 30], [39, 31], [39, 32], [40, 28], [40, 29], [40, 30], [40, 31], [40, 32], [41, 28], [41, 29], [42, 28], [42, 29], [43, 28], [43, 29], [44, 28], [44, 29], [45, 28], [45, 29], [46, 28], [46, 29]]
Realizing [39, 28, 'FD']
[[39, 28], [39, 29], [39, 30], [39, 31], [39, 32], [40, 28], [40, 29], [40, 30], [40, 31], [40, 32], [41, 28], [41, 29], [42, 28], [42, 29], [43, 28], [43, 29], [44, 28], [44, 29], [45, 28], [45, 29], [46, 28], [46, 29]]
Actions [[39, 28, 'FD']]
Realizing [39, 28, 'FD']
[[39, 28], [39, 29], [39, 30], [39, 31], [39, 32], [40, 28], [40, 29], [40, 30], [40, 31], [40, 32], [41, 28], [41, 29], [42, 28], [42, 29], [43, 28], [43, 29], [44, 28], [44, 29], [45, 28], [45, 29], [46, 28], [46, 29]]
Actions [[39, 28, 'FD']]
Realizing [39, 28, 'FD']
[[39, 28], [39, 29], [39, 30], [39, 31], [39, 32], [40, 28], [40, 29], [40, 30], [40, 31], [40, 32], [41, 28], [41, 29], [42, 28], [42, 29], [43, 28], [43, 29], [44, 28], [44, 29], [45, 28], [45, 29], [46, 28], [46, 29]]
Actions [[39, 28, 'FD']]
Realizing [39, 28, 'FD']
[[39, 28], [39, 29], [39, 30], [39, 31], [39, 32], [40, 28], [40, 29], [40, 30], [40, 31], [40, 32], [41, 28], [41, 29], [42, 28], [42, 29], [43, 28], [43, 29], [44, 28], [44, 29], [45, 28], [45, 29], [46, 28], [46, 29]]
Actions [[39, 28, 'FD']]
Realizing [39, 28, 'FD']
[[39, 28], [39, 29], [39, 30], [39, 31], [39, 32], [40, 28], [40, 29], [40, 30], [40, 31], [40, 32], [41, 28], [41, 29], [42, 28], [42, 29], [43, 28], [43, 29], [44, 28], [44, 29], [45, 28], [45, 29], [46, 28], [46, 29]]
Actions [[39, 28, 'FD']]
Realizing [39, 28, 'FD']
[[39, 28], [39, 29], [39, 30], [39, 31], [39, 32], [40, 28], [40, 29], [40, 30], [40, 31], [40, 32], [41, 28], [41, 29], [42, 28], [42, 29], [43, 28], [43, 29], [44, 28], [44, 29], [45, 28], [45, 29], [46, 28], [46, 29]]
Actions [[39, 28, 'FD']]
Realizing [39, 28, 'FD']
[[39, 28], [39, 29], [39, 30], [39, 31], [39, 32], [40, 28], [40, 29], [40, 30], [40, 31], [40, 32], [41, 28], [41, 29], [42, 28], [42, 29], [43, 28], [43, 29], [44, 28], [44, 29], [45, 28], [45, 29], [46, 28], [46, 29]]
Actions [[39, 28, 'FD']]
Realizing [39, 28, 'FD']
[[39, 28], [39, 29], [39, 30], [39, 31], [39, 32], [40, 28], [40, 29], [40, 30], [40, 31], [40, 32], [41, 28], [41, 29], [42, 28], [42, 29], [43, 28], [43, 29], [44, 28], [44, 29], [45, 28], [45, 29], [46, 28], [46, 29]]
Actions [[39, 28, 'FD']]
Realizing [39, 28, 'FD']
[[39, 28], [39, 29], [39, 30], [39, 31], [39, 32], [40, 28], [40, 29], [40, 30], [40, 31], [40, 32], [41, 28], [41, 29], [42, 28], [42, 29], [43, 28], [43, 29], [44, 28], [44, 29], [45, 28], [45, 29], [46, 28], [46, 29]]
Actions [[39, 28, 'FD']]
Realizing [39, 28, 'FD']
[[39, 28], [39, 29], [39, 30], [39, 31], [39, 32], [40, 28], [40, 29], [40, 30], [40, 31], [40, 32], [41, 28], [41, 29], [42, 28], [42, 29], [43, 28], [43, 29], [44, 28], [44, 29], [45, 28], [45, 29], [46, 28], [46, 29]]
Actions [[39, 28, 'FD']]
Realizing [39, 28, 'FD']
[[39, 28], [39, 29], [39, 30], [39, 31], [39, 32], [40, 28], [40, 29], [40, 30], [40, 31], [40, 32], [41, 28], [41, 29], [42, 28], [42, 29], [43, 28], [43, 29], [44, 28], [44, 29], [45, 28], [45, 29], [46, 28], [46, 29]]
Actions [[39, 28, 'FD']]
Realizing [39, 28, 'FD']
[[39, 28], [39, 29], [39, 30], [39, 31], [39, 32], [40, 28], [40, 29], [40, 30], [40, 31], [40, 32], [41, 28], [41, 29], [42, 28], [42, 29], [43, 28], [43, 29], [44, 28], [44, 29], [45, 28], [45, 29], [46, 28], [46, 29]]
Actions [[39, 28, 'FD']]
Realizing [39, 28, 'FD']
[[39, 28], [39, 29], [39, 30], [39, 31], [39, 32], [40, 28], [40, 29], [40, 30], [40, 31], [40, 32], [41, 28], [41, 29], [42, 28], [42, 29], [43, 28], [43, 29], [44, 28], [44, 29], [45, 28], [45, 29], [46, 28], [46, 29]]
Actions [[39, 28, 'FD']]
Realizing [39, 28, 'FD']
[[39, 28], [39, 29], [39, 30], [39, 31], [39, 32], [40, 28], [40, 29], [40, 30], [40, 31], [40, 32], [41, 28], [41, 29], [42, 28], [42, 29], [43, 28], [43, 29], [44, 28], [44, 29], [45, 28], [45, 29], [46, 28], [46, 29]]
Actions [[39, 28, 'FD']]
Realizing [39, 28, 'FD']
[[39, 28], [39, 29], [39, 30], [39, 31], [39, 32], [40, 28], [40, 29], [40, 30], [40, 31], [40, 32], [41, 28], [41, 29], [42, 28], [42, 29], [43, 28], [43, 29], [44, 28], [44, 29], [45, 28], [45, 29], [46, 28], [46, 29]]
Actions [[39, 28, 'FD']]
Realizing [39, 28, 'FD']
[[39, 28], [39, 29], [39, 30], [39, 31], [39, 32], [40, 28], [40, 29], [40, 30], [40, 31], [40, 32], [41, 28], [41, 29], [42, 28], [42, 29], [43, 28], [43, 29], [44, 28], [44, 29], [45, 28], [45, 29], [46, 28], [46, 29]]
Actions [[39, 28, 'FD']]
Realizing [39, 28, 'FD']
[[39, 28], [39, 29], [39, 30], [39, 31], [39, 32], [40, 28], [40, 29], [40, 30], [40, 31], [40, 32], [41, 28], [41, 29], [42, 28], [42, 29], [43, 28], [43, 29], [44, 28], [44, 29], [45, 28], [45, 29], [46, 28], [46, 29]]
Actions [[39, 28, 'FD']]
Realizing [39, 28, 'FD']
[[39, 28], [39, 29], [39, 30], [39, 31], [39, 32], [40, 28], [40, 29], [40, 30], [40, 31], [40, 32], [41, 28], [41, 29], [42, 28], [42, 29], [43, 28], [43, 29], [44, 28], [44, 29], [45, 28], [45, 29], [46, 28], [46, 29]]
Actions [[39, 28, 'FD']]
Realizing [39, 28, 'FD']
[[39, 28], [39, 29], [39, 30], [39, 31], [39, 32], [40, 28], [40, 29], [40, 30], [40, 31], [40, 32], [41, 28], [41, 29], [42, 28], [42, 29], [43, 28], [43, 29], [44, 28], [44, 29], [45, 28], [45, 29], [46, 28], [46, 29]]
Actions [[39, 28, 'FD']]
Realizing [39, 28, 'FD']
[[39, 28], [39, 29], [39, 30], [39, 31], [39, 32], [40, 28], [40, 29], [40, 30], [40, 31], [40, 32], [41, 28], [41, 29], [42, 28], [42, 29], [43, 28], [43, 29], [44, 28], [44, 29], [45, 28], [45, 29], [46, 28], [46, 29]]
Actions [[39, 28, 'FD']]
Realizing [39, 28, 'FD']
[[39, 28], [39, 29], [39, 30], [39, 31], [39, 32], [40, 28], [40, 29], [40, 30], [40, 31], [40, 32], [41, 28], [41, 29], [42, 28], [42, 29], [43, 28], [43, 29], [44, 28], [44, 29], [45, 28], [45, 29], [46, 28], [46, 29]]
Actions [[39, 28, 'FD']]
Realizing [39, 28, 'FD']
[[39, 28], [39, 29], [39, 30], [39, 31], [39, 32], [40, 28], [40, 29], [40, 30], [40, 31], [40, 32], [41, 28], [41, 29], [42, 28], [42, 29], [43, 28], [43, 29], [44, 28], [44, 29], [45, 28], [45, 29], [46, 28], [46, 29]]
Actions [[39, 28, 'FD']]
Realizing [39, 28, 'FD']
[[39, 28], [39, 29], [39, 30], [39, 31], [39, 32], [40, 28], [40, 29], [40, 30], [40, 31], [40, 32], [41, 28], [41, 29], [42, 28], [42, 29], [43, 28], [43, 29], [44, 28], [44, 29], [45, 28], [45, 29], [46, 28], [46, 29]]
Actions [[39, 28, 'FD']]
Realizing [39, 28, 'FD']
[[39, 28], [39, 29], [39, 30], [39, 31], [39, 32], [40, 28], [40, 29], [40, 30], [40, 31], [40, 32], [41, 28], [41, 29], [42, 28], [42, 29], [43, 28], [43, 29], [44, 28], [44, 29], [45, 28], [45, 29], [46, 28], [46, 29]]
Actions [[39, 28, 'FD']]
Realizing [39, 28, 'FD']
[[39, 28], [39, 29], [39, 30], [39, 31], [39, 32], [40, 28], [40, 29], [40, 30], [40, 31], [40, 32], [41, 28], [41, 29], [42, 28], [42, 29], [43, 28], [43, 29], [44, 28], [44, 29], [45, 28], [45, 29], [46, 28], [46, 29]]
Actions [[39, 28, 'FD']]
Realizing [39, 28, 'FD']
[[39, 28], [39, 29], [39, 30], [39, 31], [39, 32], [40, 28], [40, 29], [40, 30], [40, 31], [40, 32], [41, 28], [41, 29], [42, 28], [42, 29], [43, 28], [43, 29], [44, 28], [44, 29], [45, 28], [45, 29], [46, 28], [46, 29]]
Actions [[39, 28, 'FD']]
Realizing [39, 28, 'FD']
[[39, 28], [39, 29], [39, 30], [39, 31], [39, 32], [40, 28], [40, 29], [40, 30], [40, 31], [40, 32], [41, 28], [41, 29], [42, 28], [42, 29], [43, 28], [43, 29], [44, 28], [44, 29], [45, 28], [45, 29], [46, 28], [46, 29]]
Actions [[39, 28, 'FD']]
Realizing [39, 28, 'FD']
[[39, 28], [39, 29], [39, 30], [39, 31], [39, 32], [40, 28], [40, 29], [40, 30], [40, 31], [40, 32], [41, 28], [41, 29], [42, 28], [42, 29], [43, 28], [43, 29], [44, 28], [44, 29], [45, 28], [45, 29], [46, 28], [46, 29]]
Actions [[39, 28, 'FD']]
Realizing [39, 28, 'FD']
[[39, 28], [39, 29], [39, 30], [39, 31], [39, 32], [40, 28], [40, 29], [40, 30], [40, 31], [40, 32], [41, 28], [41, 29], [42, 28], [42, 29], [43, 28], [43, 29], [44, 28], [44, 29], [45, 28], [45, 29], [46, 28], [46, 29]]
Actions [[39, 28, 'FD']]
Realizing [39, 28, 'FD']
[[39, 28], [39, 29], [39, 30], [39, 31], [39, 32], [40, 28], [40, 29], [40, 30], [40, 31], [40, 32], [41, 28], [41, 29], [42, 28], [42, 29], [43, 28], [43, 29], [44, 28], [44, 29], [45, 28], [45, 29], [46, 28], [46, 29]]
Actions [[39, 28, 'FD']]
Realizing [39, 28, 'FD']
[[39, 28], [39, 29], [39, 30], [39, 31], [39, 32], [40, 28], [40, 29], [40, 30], [40, 31], [40, 32], [41, 28], [41, 29], [42, 28], [42, 29], [43, 28], [43, 29], [44, 28], [44, 29], [45, 28], [45, 29], [46, 28], [46, 29]]
Actions [[39, 28, 'FD']]
Realizing [39, 28, 'FD']
[[39, 28], [39, 29], [39, 30], [39, 31], [39, 32], [40, 28], [40, 29], [40, 30], [40, 31], [40, 32], [41, 28], [41, 29], [42, 28], [42, 29], [43, 28], [43, 29], [44, 28], [44, 29], [45, 28], [45, 29], [46, 28], [46, 29]]
Actions [[39, 29, 'VC'], [39, 29, 'VB'], [39, 29, 'VD'], [39, 29, 'VE']]
Realizing [39, 29, 'VC']
[[39, 29], [39, 30], [39, 31], [39, 32], [40, 28], [40, 29], [40, 30], [40, 31], [40, 32], [41, 28], [41, 29], [42, 28], [42, 29], [43, 28], [43, 29], [44, 28], [44, 29], [45, 28], [45, 29], [46, 28], [46, 29]]
Realizing [39, 29, 'VB']
[[39, 29], [39, 30], [39, 31], [39, 32], [40, 28], [40, 29], [40, 30], [40, 31], [40, 32], [41, 28], [41, 29], [42, 28], [42, 29], [43, 28], [43, 29], [44, 28], [44, 29], [45, 28], [45, 29], [46, 28], [46, 29]]
Realizing [39, 29, 'VD']
[[39, 29], [39, 30], [39, 31], [39, 32], [40, 28], [40, 29], [40, 30], [40, 31], [40, 32], [41, 28], [41, 29], [42, 28], [42, 29], [43, 28], [43, 29], [44, 28], [44, 29], [45, 28], [45, 29], [46, 28], [46, 29]]
Realizing [39, 29, 'VE']
[[39, 29], [39, 30], [39, 31], [39, 32], [40, 28], [40, 29], [40, 30], [40, 31], [40, 32], [41, 28], [41, 29], [42, 28], [42, 29], [43, 28], [43, 29], [44, 28], [44, 29], [45, 28], [45, 29], [46, 28], [46, 29]]
Actions [[39, 29, 'VE']]
Realizing [39, 29, 'VE']
[[39, 29], [39, 30], [39, 31], [39, 32], [40, 28], [40, 29], [40, 30], [40, 31], [40, 32], [41, 28], [41, 29], [42, 28], [42, 29], [43, 28], [43, 29], [44, 28], [44, 29], [45, 28], [45, 29], [46, 28], [46, 29]]
Actions [[39, 29, 'VE']]
Realizing [39, 29, 'VE']
[[39, 29], [39, 30], [39, 31], [39, 32], [40, 28], [40, 29], [40, 30], [40, 31], [40, 32], [41, 28], [41, 29], [42, 28], [42, 29], [43, 28], [43, 29], [44, 28], [44, 29], [45, 28], [45, 29], [46, 28], [46, 29]]
Actions [[39, 29, 'VE']]
Realizing [39, 29, 'VE']
[[39, 29], [39, 30], [39, 31], [39, 32], [40, 28], [40, 29], [40, 30], [40, 31], [40, 32], [41, 28], [41, 29], [42, 28], [42, 29], [43, 28], [43, 29], [44, 28], [44, 29], [45, 28], [45, 29], [46, 28], [46, 29]]
Actions [[39, 29, 'VE']]
Realizing [39, 29, 'VE']
[[39, 29], [39, 30], [39, 31], [39, 32], [40, 28], [40, 29], [40, 30], [40, 31], [40, 32], [41, 28], [41, 29], [42, 28], [42, 29], [43, 28], [43, 29], [44, 28], [44, 29], [45, 28], [45, 29], [46, 28], [46, 29]]
Actions [[39, 29, 'VE']]
Realizing [39, 29, 'VE']
[[39, 29], [39, 30], [39, 31], [39, 32], [40, 28], [40, 29], [40, 30], [40, 31], [40, 32], [41, 28], [41, 29], [42, 28], [42, 29], [43, 28], [43, 29], [44, 28], [44, 29], [45, 28], [45, 29], [46, 28], [46, 29]]
Actions [[39, 29, 'VE']]
Realizing [39, 29, 'VE']
[[39, 29], [39, 30], [39, 31], [39, 32], [40, 28], [40, 29], [40, 30], [40, 31], [40, 32], [41, 28], [41, 29], [42, 28], [42, 29], [43, 28], [43, 29], [44, 28], [44, 29], [45, 28], [45, 29], [46, 28], [46, 29]]
Actions [[39, 29, 'VE']]
Realizing [39, 29, 'VE']
[[39, 29], [39, 30], [39, 31], [39, 32], [40, 28], [40, 29], [40, 30], [40, 31], [40, 32], [41, 28], [41, 29], [42, 28], [42, 29], [43, 28], [43, 29], [44, 28], [44, 29], [45, 28], [45, 29], [46, 28], [46, 29]]
Actions [[39, 29, 'VE']]
Realizing [39, 29, 'VE']
[[39, 29], [39, 30], [39, 31], [39, 32], [40, 28], [40, 29], [40, 30], [40, 31], [40, 32], [41, 28], [41, 29], [42, 28], [42, 29], [43, 28], [43, 29], [44, 28], [44, 29], [45, 28], [45, 29], [46, 28], [46, 29]]
Actions [[39, 29, 'VE']]
Realizing [39, 29, 'VE']
[[39, 29], [39, 30], [39, 31], [39, 32], [40, 28], [40, 29], [40, 30], [40, 31], [40, 32], [41, 28], [41, 29], [42, 28], [42, 29], [43, 28], [43, 29], [44, 28], [44, 29], [45, 28], [45, 29], [46, 28], [46, 29]]
Actions [[39, 29, 'VE']]
Realizing [39, 29, 'VE']
[[39, 29], [39, 30], [39, 31], [39, 32], [40, 28], [40, 29], [40, 30], [40, 31], [40, 32], [41, 28], [41, 29], [42, 28], [42, 29], [43, 28], [43, 29], [44, 28], [44, 29], [45, 28], [45, 29], [46, 28], [46, 29]]
Actions [[39, 29, 'VE']]
Realizing [39, 29, 'VE']
[[39, 29], [39, 30], [39, 31], [39, 32], [40, 28], [40, 29], [40, 30], [40, 31], [40, 32], [41, 28], [41, 29], [42, 28], [42, 29], [43, 28], [43, 29], [44, 28], [44, 29], [45, 28], [45, 29], [46, 28], [46, 29]]
Actions [[39, 29, 'VE']]
Realizing [39, 29, 'VE']
[[39, 29], [39, 30], [39, 31], [39, 32], [40, 28], [40, 29], [40, 30], [40, 31], [40, 32], [41, 28], [41, 29], [42, 28], [42, 29], [43, 28], [43, 29], [44, 28], [44, 29], [45, 28], [45, 29], [46, 28], [46, 29]]
Actions [[39, 29, 'VE']]
Realizing [39, 29, 'VE']
[[39, 29], [39, 30], [39, 31], [39, 32], [40, 28], [40, 29], [40, 30], [40, 31], [40, 32], [41, 28], [41, 29], [42, 28], [42, 29], [43, 28], [43, 29], [44, 28], [44, 29], [45, 28], [45, 29], [46, 28], [46, 29]]
Actions [[39, 29, 'VE']]
Realizing [39, 29, 'VE']
[[39, 29], [39, 30], [39, 31], [39, 32], [40, 28], [40, 29], [40, 30], [40, 31], [40, 32], [41, 28], [41, 29], [42, 28], [42, 29], [43, 28], [43, 29], [44, 28], [44, 29], [45, 28], [45, 29], [46, 28], [46, 29]]
Actions [[39, 29, 'VE']]
Realizing [39, 29, 'VE']
[[39, 29], [39, 30], [39, 31], [39, 32], [40, 28], [40, 29], [40, 30], [40, 31], [40, 32], [41, 28], [41, 29], [42, 28], [42, 29], [43, 28], [43, 29], [44, 28], [44, 29], [45, 28], [45, 29], [46, 28], [46, 29]]
Actions [[39, 29, 'VE']]
Realizing [39, 29, 'VE']
[[39, 29], [39, 30], [39, 31], [39, 32], [40, 28], [40, 29], [40, 30], [40, 31], [40, 32], [41, 28], [41, 29], [42, 28], [42, 29], [43, 28], [43, 29], [44, 28], [44, 29], [45, 28], [45, 29], [46, 28], [46, 29]]
Actions [[39, 29, 'VE']]
Realizing [39, 29, 'VE']
[[39, 29], [39, 30], [39, 31], [39, 32], [40, 28], [40, 29], [40, 30], [40, 31], [40, 32], [41, 28], [41, 29], [42, 28], [42, 29], [43, 28], [43, 29], [44, 28], [44, 29], [45, 28], [45, 29], [46, 28], [46, 29]]
Actions [[39, 29, 'VE']]
Realizing [39, 29, 'VE']
[[39, 29], [39, 30], [39, 31], [39, 32], [40, 28], [40, 29], [40, 30], [40, 31], [40, 32], [41, 28], [41, 29], [42, 28], [42, 29], [43, 28], [43, 29], [44, 28], [44, 29], [45, 28], [45, 29], [46, 28], [46, 29]]
Actions [[39, 29, 'VE']]
Realizing [39, 29, 'VE']
[[39, 29], [39, 30], [39, 31], [39, 32], [40, 28], [40, 29], [40, 30], [40, 31], [40, 32], [41, 28], [41, 29], [42, 28], [42, 29], [43, 28], [43, 29], [44, 28], [44, 29], [45, 28], [45, 29], [46, 28], [46, 29]]
Actions [[39, 29, 'VE']]
Realizing [39, 29, 'VE']
[[39, 29], [39, 30], [39, 31], [39, 32], [40, 28], [40, 29], [40, 30], [40, 31], [40, 32], [41, 28], [41, 29], [42, 28], [42, 29], [43, 28], [43, 29], [44, 28], [44, 29], [45, 28], [45, 29], [46, 28], [46, 29]]
Actions [[39, 29, 'VE']]
Realizing [39, 29, 'VE']
[[39, 29], [39, 30], [39, 31], [39, 32], [40, 28], [40, 29], [40, 30], [40, 31], [40, 32], [41, 28], [41, 29], [42, 28], [42, 29], [43, 28], [43, 29], [44, 28], [44, 29], [45, 28], [45, 29], [46, 28], [46, 29]]
Actions [[39, 29, 'VE']]
Realizing [39, 29, 'VE']
[[39, 29], [39, 30], [39, 31], [39, 32], [40, 28], [40, 29], [40, 30], [40, 31], [40, 32], [41, 28], [41, 29], [42, 28], [42, 29], [43, 28], [43, 29], [44, 28], [44, 29], [45, 28], [45, 29], [46, 28], [46, 29]]
Actions [[39, 29, 'VE']]
Realizing [39, 29, 'VE']
[[39, 29], [39, 30], [39, 31], [39, 32], [40, 28], [40, 29], [40, 30], [40, 31], [40, 32], [41, 28], [41, 29], [42, 28], [42, 29], [43, 28], [43, 29], [44, 28], [44, 29], [45, 28], [45, 29], [46, 28], [46, 29]]
Actions [[39, 29, 'VE']]
Realizing [39, 29, 'VE']
[[39, 29], [39, 30], [39, 31], [39, 32], [40, 28], [40, 29], [40, 30], [40, 31], [40, 32], [41, 28], [41, 29], [42, 28], [42, 29], [43, 28], [43, 29], [44, 28], [44, 29], [45, 28], [45, 29], [46, 28], [46, 29]]
Actions [[39, 29, 'VE']]
Realizing [39, 29, 'VE']
[[39, 29], [39, 30], [39, 31], [39, 32], [40, 28], [40, 29], [40, 30], [40, 31], [40, 32], [41, 28], [41, 29], [42, 28], [42, 29], [43, 28], [43, 29], [44, 28], [44, 29], [45, 28], [45, 29], [46, 28], [46, 29]]
Actions [[39, 29, 'VE']]
Realizing [39, 29, 'VE']
[[39, 29], [39, 30], [39, 31], [39, 32], [40, 28], [40, 29], [40, 30], [40, 31], [40, 32], [41, 28], [41, 29], [42, 28], [42, 29], [43, 28], [43, 29], [44, 28], [44, 29], [45, 28], [45, 29], [46, 28], [46, 29]]
Actions [[39, 29, 'VE']]
Realizing [39, 29, 'VE']
[[39, 29], [39, 30], [39, 31], [39, 32], [40, 28], [40, 29], [40, 30], [40, 31], [40, 32], [41, 28], [41, 29], [42, 28], [42, 29], [43, 28], [43, 29], [44, 28], [44, 29], [45, 28], [45, 29], [46, 28], [46, 29]]
Actions [[39, 29, 'VE']]
Realizing [39, 29, 'VE']
[[39, 29], [39, 30], [39, 31], [39, 32], [40, 28], [40, 29], [40, 30], [40, 31], [40, 32], [41, 28], [41, 29], [42, 28], [42, 29], [43, 28], [43, 29], [44, 28], [44, 29], [45, 28], [45, 29], [46, 28], [46, 29]]
Actions [[39, 29, 'VE']]
Realizing [39, 29, 'VE']
[[39, 29], [39, 30], [39, 31], [39, 32], [40, 28], [40, 29], [40, 30], [40, 31], [40, 32], [41, 28], [41, 29], [42, 28], [42, 29], [43, 28], [43, 29], [44, 28], [44, 29], [45, 28], [45, 29], [46, 28], [46, 29]]
Actions [[39, 29, 'VE']]
Realizing [39, 29, 'VE']
[[39, 29], [39, 30], [39, 31], [39, 32], [40, 28], [40, 29], [40, 30], [40, 31], [40, 32], [41, 28], [41, 29], [42, 28], [42, 29], [43, 28], [43, 29], [44, 28], [44, 29], [45, 28], [45, 29], [46, 28], [46, 29]]
Actions [[39, 29, 'VE']]
Realizing [39, 29, 'VE']
[[39, 29], [39, 30], [39, 31], [39, 32], [40, 28], [40, 29], [40, 30], [40, 31], [40, 32], [41, 28], [41, 29], [42, 28], [42, 29], [43, 28], [43, 29], [44, 28], [44, 29], [45, 28], [45, 29], [46, 28], [46, 29]]
Actions [[39, 29, 'VE']]
Realizing [39, 29, 'VE']
[[39, 29], [39, 30], [39, 31], [39, 32], [40, 28], [40, 29], [40, 30], [40, 31], [40, 32], [41, 28], [41, 29], [42, 28], [42, 29], [43, 28], [43, 29], [44, 28], [44, 29], [45, 28], [45, 29], [46, 28], [46, 29]]
Actions [[39, 29, 'VE']]
Realizing [39, 29, 'VE']
[[39, 29], [39, 30], [39, 31], [39, 32], [40, 28], [40, 29], [40, 30], [40, 31], [40, 32], [41, 28], [41, 29], [42, 28], [42, 29], [43, 28], [43, 29], [44, 28], [44, 29], [45, 28], [45, 29], [46, 28], [46, 29]]
Actions [[39, 30, 'VC'], [39, 30, 'VB'], [39, 30, 'VD'], [39, 30, 'VE']]
Realizing [39, 30, 'VC']
[[39, 30], [39, 31], [39, 32], [40, 28], [40, 29], [40, 30], [40, 31], [40, 32], [41, 28], [41, 29], [42, 28], [42, 29], [43, 28], [43, 29], [44, 28], [44, 29], [45, 28], [45, 29], [46, 28], [46, 29]]
Realizing [39, 30, 'VB']
[[39, 30], [39, 31], [39, 32], [40, 28], [40, 29], [40, 30], [40, 31], [40, 32], [41, 28], [41, 29], [42, 28], [42, 29], [43, 28], [43, 29], [44, 28], [44, 29], [45, 28], [45, 29], [46, 28], [46, 29]]
Realizing [39, 30, 'VD']
[[39, 30], [39, 31], [39, 32], [40, 28], [40, 29], [40, 30], [40, 31], [40, 32], [41, 28], [41, 29], [42, 28], [42, 29], [43, 28], [43, 29], [44, 28], [44, 29], [45, 28], [45, 29], [46, 28], [46, 29]]
Realizing [39, 30, 'VE']
[[39, 30], [39, 31], [39, 32], [40, 28], [40, 29], [40, 30], [40, 31], [40, 32], [41, 28], [41, 29], [42, 28], [42, 29], [43, 28], [43, 29], [44, 28], [44, 29], [45, 28], [45, 29], [46, 28], [46, 29]]
Actions [[39, 30, 'VE']]
Realizing [39, 30, 'VE']
[[39, 30], [39, 31], [39, 32], [40, 28], [40, 29], [40, 30], [40, 31], [40, 32], [41, 28], [41, 29], [42, 28], [42, 29], [43, 28], [43, 29], [44, 28], [44, 29], [45, 28], [45, 29], [46, 28], [46, 29]]
Actions [[39, 30, 'VE']]
Realizing [39, 30, 'VE']
[[39, 30], [39, 31], [39, 32], [40, 28], [40, 29], [40, 30], [40, 31], [40, 32], [41, 28], [41, 29], [42, 28], [42, 29], [43, 28], [43, 29], [44, 28], [44, 29], [45, 28], [45, 29], [46, 28], [46, 29]]
Actions [[39, 30, 'VE']]
Realizing [39, 30, 'VE']
[[39, 30], [39, 31], [39, 32], [40, 28], [40, 29], [40, 30], [40, 31], [40, 32], [41, 28], [41, 29], [42, 28], [42, 29], [43, 28], [43, 29], [44, 28], [44, 29], [45, 28], [45, 29], [46, 28], [46, 29]]
Actions [[39, 30, 'VE']]
Realizing [39, 30, 'VE']
[[39, 30], [39, 31], [39, 32], [40, 28], [40, 29], [40, 30], [40, 31], [40, 32], [41, 28], [41, 29], [42, 28], [42, 29], [43, 28], [43, 29], [44, 28], [44, 29], [45, 28], [45, 29], [46, 28], [46, 29]]
Actions [[39, 30, 'VE']]
Realizing [39, 30, 'VE']
[[39, 30], [39, 31], [39, 32], [40, 28], [40, 29], [40, 30], [40, 31], [40, 32], [41, 28], [41, 29], [42, 28], [42, 29], [43, 28], [43, 29], [44, 28], [44, 29], [45, 28], [45, 29], [46, 28], [46, 29]]
Actions [[39, 30, 'VE']]
Realizing [39, 30, 'VE']
[[39, 30], [39, 31], [39, 32], [40, 28], [40, 29], [40, 30], [40, 31], [40, 32], [41, 28], [41, 29], [42, 28], [42, 29], [43, 28], [43, 29], [44, 28], [44, 29], [45, 28], [45, 29], [46, 28], [46, 29]]
Actions [[39, 30, 'VE']]
Realizing [39, 30, 'VE']
[[39, 30], [39, 31], [39, 32], [40, 28], [40, 29], [40, 30], [40, 31], [40, 32], [41, 28], [41, 29], [42, 28], [42, 29], [43, 28], [43, 29], [44, 28], [44, 29], [45, 28], [45, 29], [46, 28], [46, 29]]
Actions [[39, 30, 'VE']]
Realizing [39, 30, 'VE']
[[39, 30], [39, 31], [39, 32], [40, 28], [40, 29], [40, 30], [40, 31], [40, 32], [41, 28], [41, 29], [42, 28], [42, 29], [43, 28], [43, 29], [44, 28], [44, 29], [45, 28], [45, 29], [46, 28], [46, 29]]
Actions [[39, 30, 'VE']]
Realizing [39, 30, 'VE']
[[39, 30], [39, 31], [39, 32], [40, 28], [40, 29], [40, 30], [40, 31], [40, 32], [41, 28], [41, 29], [42, 28], [42, 29], [43, 28], [43, 29], [44, 28], [44, 29], [45, 28], [45, 29], [46, 28], [46, 29]]
Actions [[39, 30, 'VE']]
Realizing [39, 30, 'VE']
[[39, 30], [39, 31], [39, 32], [40, 28], [40, 29], [40, 30], [40, 31], [40, 32], [41, 28], [41, 29], [42, 28], [42, 29], [43, 28], [43, 29], [44, 28], [44, 29], [45, 28], [45, 29], [46, 28], [46, 29]]
Actions [[39, 30, 'VE']]
Realizing [39, 30, 'VE']
[[39, 30], [39, 31], [39, 32], [40, 28], [40, 29], [40, 30], [40, 31], [40, 32], [41, 28], [41, 29], [42, 28], [42, 29], [43, 28], [43, 29], [44, 28], [44, 29], [45, 28], [45, 29], [46, 28], [46, 29]]
Actions [[39, 30, 'VE']]
Realizing [39, 30, 'VE']
[[39, 30], [39, 31], [39, 32], [40, 28], [40, 29], [40, 30], [40, 31], [40, 32], [41, 28], [41, 29], [42, 28], [42, 29], [43, 28], [43, 29], [44, 28], [44, 29], [45, 28], [45, 29], [46, 28], [46, 29]]
Actions [[39, 30, 'VE']]
Realizing [39, 30, 'VE']
[[39, 30], [39, 31], [39, 32], [40, 28], [40, 29], [40, 30], [40, 31], [40, 32], [41, 28], [41, 29], [42, 28], [42, 29], [43, 28], [43, 29], [44, 28], [44, 29], [45, 28], [45, 29], [46, 28], [46, 29]]
Actions [[39, 30, 'VE']]
Realizing [39, 30, 'VE']
[[39, 30], [39, 31], [39, 32], [40, 28], [40, 29], [40, 30], [40, 31], [40, 32], [41, 28], [41, 29], [42, 28], [42, 29], [43, 28], [43, 29], [44, 28], [44, 29], [45, 28], [45, 29], [46, 28], [46, 29]]
Actions [[39, 30, 'VE']]
Realizing [39, 30, 'VE']
[[39, 30], [39, 31], [39, 32], [40, 28], [40, 29], [40, 30], [40, 31], [40, 32], [41, 28], [41, 29], [42, 28], [42, 29], [43, 28], [43, 29], [44, 28], [44, 29], [45, 28], [45, 29], [46, 28], [46, 29]]
Actions [[39, 30, 'VE']]
Realizing [39, 30, 'VE']
[[39, 30], [39, 31], [39, 32], [40, 28], [40, 29], [40, 30], [40, 31], [40, 32], [41, 28], [41, 29], [42, 28], [42, 29], [43, 28], [43, 29], [44, 28], [44, 29], [45, 28], [45, 29], [46, 28], [46, 29]]
Actions [[39, 30, 'VE']]
Realizing [39, 30, 'VE']
[[39, 30], [39, 31], [39, 32], [40, 28], [40, 29], [40, 30], [40, 31], [40, 32], [41, 28], [41, 29], [42, 28], [42, 29], [43, 28], [43, 29], [44, 28], [44, 29], [45, 28], [45, 29], [46, 28], [46, 29]]
Actions [[39, 30, 'VE']]
Realizing [39, 30, 'VE']
[[39, 30], [39, 31], [39, 32], [40, 28], [40, 29], [40, 30], [40, 31], [40, 32], [41, 28], [41, 29], [42, 28], [42, 29], [43, 28], [43, 29], [44, 28], [44, 29], [45, 28], [45, 29], [46, 28], [46, 29]]
Actions [[39, 30, 'VE']]
Realizing [39, 30, 'VE']
[[39, 30], [39, 31], [39, 32], [40, 28], [40, 29], [40, 30], [40, 31], [40, 32], [41, 28], [41, 29], [42, 28], [42, 29], [43, 28], [43, 29], [44, 28], [44, 29], [45, 28], [45, 29], [46, 28], [46, 29]]
Actions [[39, 30, 'VE']]
Realizing [39, 30, 'VE']
[[39, 30], [39, 31], [39, 32], [40, 28], [40, 29], [40, 30], [40, 31], [40, 32], [41, 28], [41, 29], [42, 28], [42, 29], [43, 28], [43, 29], [44, 28], [44, 29], [45, 28], [45, 29], [46, 28], [46, 29]]
Actions [[39, 30, 'VE']]
Realizing [39, 30, 'VE']
[[39, 30], [39, 31], [39, 32], [40, 28], [40, 29], [40, 30], [40, 31], [40, 32], [41, 28], [41, 29], [42, 28], [42, 29], [43, 28], [43, 29], [44, 28], [44, 29], [45, 28], [45, 29], [46, 28], [46, 29]]
Actions [[39, 30, 'VE']]
Realizing [39, 30, 'VE']
[[39, 30], [39, 31], [39, 32], [40, 28], [40, 29], [40, 30], [40, 31], [40, 32], [41, 28], [41, 29], [42, 28], [42, 29], [43, 28], [43, 29], [44, 28], [44, 29], [45, 28], [45, 29], [46, 28], [46, 29]]
Actions [[39, 30, 'VE']]
Realizing [39, 30, 'VE']
[[39, 30], [39, 31], [39, 32], [40, 28], [40, 29], [40, 30], [40, 31], [40, 32], [41, 28], [41, 29], [42, 28], [42, 29], [43, 28], [43, 29], [44, 28], [44, 29], [45, 28], [45, 29], [46, 28], [46, 29]]
Actions [[39, 30, 'VE']]
Realizing [39, 30, 'VE']
[[39, 30], [39, 31], [39, 32], [40, 28], [40, 29], [40, 30], [40, 31], [40, 32], [41, 28], [41, 29], [42, 28], [42, 29], [43, 28], [43, 29], [44, 28], [44, 29], [45, 28], [45, 29], [46, 28], [46, 29]]
Actions [[39, 30, 'VE']]
Realizing [39, 30, 'VE']
[[39, 30], [39, 31], [39, 32], [40, 28], [40, 29], [40, 30], [40, 31], [40, 32], [41, 28], [41, 29], [42, 28], [42, 29], [43, 28], [43, 29], [44, 28], [44, 29], [45, 28], [45, 29], [46, 28], [46, 29]]
Actions [[39, 30, 'VE']]
Realizing [39, 30, 'VE']
[[39, 30], [39, 31], [39, 32], [40, 28], [40, 29], [40, 30], [40, 31], [40, 32], [41, 28], [41, 29], [42, 28], [42, 29], [43, 28], [43, 29], [44, 28], [44, 29], [45, 28], [45, 29], [46, 28], [46, 29]]
Actions [[39, 30, 'VE']]
Realizing [39, 30, 'VE']
[[39, 30], [39, 31], [39, 32], [40, 28], [40, 29], [40, 30], [40, 31], [40, 32], [41, 28], [41, 29], [42, 28], [42, 29], [43, 28], [43, 29], [44, 28], [44, 29], [45, 28], [45, 29], [46, 28], [46, 29]]
Actions [[39, 30, 'VE']]
Realizing [39, 30, 'VE']
[[39, 30], [39, 31], [39, 32], [40, 28], [40, 29], [40, 30], [40, 31], [40, 32], [41, 28], [41, 29], [42, 28], [42, 29], [43, 28], [43, 29], [44, 28], [44, 29], [45, 28], [45, 29], [46, 28], [46, 29]]
Actions [[39, 30, 'VE']]
Realizing [39, 30, 'VE']
[[39, 30], [39, 31], [39, 32], [40, 28], [40, 29], [40, 30], [40, 31], [40, 32], [41, 28], [41, 29], [42, 28], [42, 29], [43, 28], [43, 29], [44, 28], [44, 29], [45, 28], [45, 29], [46, 28], [46, 29]]
Actions [[39, 30, 'VE']]
Realizing [39, 30, 'VE']
[[39, 30], [39, 31], [39, 32], [40, 28], [40, 29], [40, 30], [40, 31], [40, 32], [41, 28], [41, 29], [42, 28], [42, 29], [43, 28], [43, 29], [44, 28], [44, 29], [45, 28], [45, 29], [46, 28], [46, 29]]
Actions [[39, 30, 'VE']]
Realizing [39, 30, 'VE']
[[39, 30], [39, 31], [39, 32], [40, 28], [40, 29], [40, 30], [40, 31], [40, 32], [41, 28], [41, 29], [42, 28], [42, 29], [43, 28], [43, 29], [44, 28], [44, 29], [45, 28], [45, 29], [46, 28], [46, 29]]
Actions [[39, 30, 'VE']]
Realizing [39, 30, 'VE']
[[39, 30], [39, 31], [39, 32], [40, 28], [40, 29], [40, 30], [40, 31], [40, 32], [41, 28], [41, 29], [42, 28], [42, 29], [43, 28], [43, 29], [44, 28], [44, 29], [45, 28], [45, 29], [46, 28], [46, 29]]
Actions [[39, 30, 'VE']]
Realizing [39, 30, 'VE']
[[39, 30], [39, 31], [39, 32], [40, 28], [40, 29], [40, 30], [40, 31], [40, 32], [41, 28], [41, 29], [42, 28], [42, 29], [43, 28], [43, 29], [44, 28], [44, 29], [45, 28], [45, 29], [46, 28], [46, 29]]
Actions [[39, 30, 'VE']]
Realizing [39, 30, 'VE']
[[39, 30], [39, 31], [39, 32], [40, 28], [40, 29], [40, 30], [40, 31], [40, 32], [41, 28], [41, 29], [42, 28], [42, 29], [43, 28], [43, 29], [44, 28], [44, 29], [45, 28], [45, 29], [46, 28], [46, 29]]
Actions [[39, 30, 'VE']]
Realizing [39, 30, 'VE']
[[39, 30], [39, 31], [39, 32], [40, 28], [40, 29], [40, 30], [40, 31], [40, 32], [41, 28], [41, 29], [42, 28], [42, 29], [43, 28], [43, 29], [44, 28], [44, 29], [45, 28], [45, 29], [46, 28], [46, 29]]
Actions [[39, 30, 'VE']]
Realizing [39, 30, 'VE']
[[39, 30], [39, 31], [39, 32], [40, 28], [40, 29], [40, 30], [40, 31], [40, 32], [41, 28], [41, 29], [42, 28], [42, 29], [43, 28], [43, 29], [44, 28], [44, 29], [45, 28], [45, 29], [46, 28], [46, 29]]
Actions [[39, 31, 'VC'], [39, 31, 'VB'], [39, 31, 'VD'], [39, 31, 'VE']]
Realizing [39, 31, 'VC']
[[39, 31], [39, 32], [40, 28], [40, 29], [40, 30], [40, 31], [40, 32], [41, 28], [41, 29], [42, 28], [42, 29], [43, 28], [43, 29], [44, 28], [44, 29], [45, 28], [45, 29], [46, 28], [46, 29]]
Realizing [39, 31, 'VB']
[[39, 31], [39, 32], [40, 28], [40, 29], [40, 30], [40, 31], [40, 32], [41, 28], [41, 29], [42, 28], [42, 29], [43, 28], [43, 29], [44, 28], [44, 29], [45, 28], [45, 29], [46, 28], [46, 29]]
Realizing [39, 31, 'VD']
[[39, 31], [39, 32], [40, 28], [40, 29], [40, 30], [40, 31], [40, 32], [41, 28], [41, 29], [42, 28], [42, 29], [43, 28], [43, 29], [44, 28], [44, 29], [45, 28], [45, 29], [46, 28], [46, 29]]
Realizing [39, 31, 'VE']
[[39, 31], [39, 32], [40, 28], [40, 29], [40, 30], [40, 31], [40, 32], [41, 28], [41, 29], [42, 28], [42, 29], [43, 28], [43, 29], [44, 28], [44, 29], [45, 28], [45, 29], [46, 28], [46, 29]]
Actions [[39, 31, 'VE']]
Realizing [39, 31, 'VE']
[[39, 31], [39, 32], [40, 28], [40, 29], [40, 30], [40, 31], [40, 32], [41, 28], [41, 29], [42, 28], [42, 29], [43, 28], [43, 29], [44, 28], [44, 29], [45, 28], [45, 29], [46, 28], [46, 29]]
Actions [[39, 31, 'VE']]
Realizing [39, 31, 'VE']
[[39, 31], [39, 32], [40, 28], [40, 29], [40, 30], [40, 31], [40, 32], [41, 28], [41, 29], [42, 28], [42, 29], [43, 28], [43, 29], [44, 28], [44, 29], [45, 28], [45, 29], [46, 28], [46, 29]]
Actions [[39, 31, 'VE']]
Realizing [39, 31, 'VE']
[[39, 31], [39, 32], [40, 28], [40, 29], [40, 30], [40, 31], [40, 32], [41, 28], [41, 29], [42, 28], [42, 29], [43, 28], [43, 29], [44, 28], [44, 29], [45, 28], [45, 29], [46, 28], [46, 29]]
Actions [[39, 31, 'VE']]
Realizing [39, 31, 'VE']
[[39, 31], [39, 32], [40, 28], [40, 29], [40, 30], [40, 31], [40, 32], [41, 28], [41, 29], [42, 28], [42, 29], [43, 28], [43, 29], [44, 28], [44, 29], [45, 28], [45, 29], [46, 28], [46, 29]]
Actions [[39, 31, 'VE']]
Realizing [39, 31, 'VE']
[[39, 31], [39, 32], [40, 28], [40, 29], [40, 30], [40, 31], [40, 32], [41, 28], [41, 29], [42, 28], [42, 29], [43, 28], [43, 29], [44, 28], [44, 29], [45, 28], [45, 29], [46, 28], [46, 29]]
Actions [[39, 31, 'VE']]
Realizing [39, 31, 'VE']
[[39, 31], [39, 32], [40, 28], [40, 29], [40, 30], [40, 31], [40, 32], [41, 28], [41, 29], [42, 28], [42, 29], [43, 28], [43, 29], [44, 28], [44, 29], [45, 28], [45, 29], [46, 28], [46, 29]]
Actions [[39, 31, 'VE']]
Realizing [39, 31, 'VE']
[[39, 31], [39, 32], [40, 28], [40, 29], [40, 30], [40, 31], [40, 32], [41, 28], [41, 29], [42, 28], [42, 29], [43, 28], [43, 29], [44, 28], [44, 29], [45, 28], [45, 29], [46, 28], [46, 29]]
Actions [[39, 31, 'VE']]
Realizing [39, 31, 'VE']
[[39, 31], [39, 32], [40, 28], [40, 29], [40, 30], [40, 31], [40, 32], [41, 28], [41, 29], [42, 28], [42, 29], [43, 28], [43, 29], [44, 28], [44, 29], [45, 28], [45, 29], [46, 28], [46, 29]]
Actions [[39, 31, 'VE']]
Realizing [39, 31, 'VE']
[[39, 31], [39, 32], [40, 28], [40, 29], [40, 30], [40, 31], [40, 32], [41, 28], [41, 29], [42, 28], [42, 29], [43, 28], [43, 29], [44, 28], [44, 29], [45, 28], [45, 29], [46, 28], [46, 29]]
Actions [[39, 31, 'VE']]
Realizing [39, 31, 'VE']
[[39, 31], [39, 32], [40, 28], [40, 29], [40, 30], [40, 31], [40, 32], [41, 28], [41, 29], [42, 28], [42, 29], [43, 28], [43, 29], [44, 28], [44, 29], [45, 28], [45, 29], [46, 28], [46, 29]]
Actions [[39, 31, 'VE']]
Realizing [39, 31, 'VE']
[[39, 31], [39, 32], [40, 28], [40, 29], [40, 30], [40, 31], [40, 32], [41, 28], [41, 29], [42, 28], [42, 29], [43, 28], [43, 29], [44, 28], [44, 29], [45, 28], [45, 29], [46, 28], [46, 29]]
Actions [[39, 31, 'VE']]
Realizing [39, 31, 'VE']
[[39, 31], [39, 32], [40, 28], [40, 29], [40, 30], [40, 31], [40, 32], [41, 28], [41, 29], [42, 28], [42, 29], [43, 28], [43, 29], [44, 28], [44, 29], [45, 28], [45, 29], [46, 28], [46, 29]]
Actions [[39, 31, 'VE']]
Realizing [39, 31, 'VE']
[[39, 31], [39, 32], [40, 28], [40, 29], [40, 30], [40, 31], [40, 32], [41, 28], [41, 29], [42, 28], [42, 29], [43, 28], [43, 29], [44, 28], [44, 29], [45, 28], [45, 29], [46, 28], [46, 29]]
Actions [[39, 31, 'VE']]
Realizing [39, 31, 'VE']
[[39, 31], [39, 32], [40, 28], [40, 29], [40, 30], [40, 31], [40, 32], [41, 28], [41, 29], [42, 28], [42, 29], [43, 28], [43, 29], [44, 28], [44, 29], [45, 28], [45, 29], [46, 28], [46, 29]]
Actions [[39, 31, 'VE']]
Realizing [39, 31, 'VE']
[[39, 31], [39, 32], [40, 28], [40, 29], [40, 30], [40, 31], [40, 32], [41, 28], [41, 29], [42, 28], [42, 29], [43, 28], [43, 29], [44, 28], [44, 29], [45, 28], [45, 29], [46, 28], [46, 29]]
Actions [[39, 31, 'VE']]
Realizing [39, 31, 'VE']
[[39, 31], [39, 32], [40, 28], [40, 29], [40, 30], [40, 31], [40, 32], [41, 28], [41, 29], [42, 28], [42, 29], [43, 28], [43, 29], [44, 28], [44, 29], [45, 28], [45, 29], [46, 28], [46, 29]]
Actions [[39, 31, 'VE']]
Realizing [39, 31, 'VE']
[[39, 31], [39, 32], [40, 28], [40, 29], [40, 30], [40, 31], [40, 32], [41, 28], [41, 29], [42, 28], [42, 29], [43, 28], [43, 29], [44, 28], [44, 29], [45, 28], [45, 29], [46, 28], [46, 29]]
Actions [[39, 31, 'VE']]
Realizing [39, 31, 'VE']
[[39, 31], [39, 32], [40, 28], [40, 29], [40, 30], [40, 31], [40, 32], [41, 28], [41, 29], [42, 28], [42, 29], [43, 28], [43, 29], [44, 28], [44, 29], [45, 28], [45, 29], [46, 28], [46, 29]]
Actions [[39, 31, 'VE']]
Realizing [39, 31, 'VE']
[[39, 31], [39, 32], [40, 28], [40, 29], [40, 30], [40, 31], [40, 32], [41, 28], [41, 29], [42, 28], [42, 29], [43, 28], [43, 29], [44, 28], [44, 29], [45, 28], [45, 29], [46, 28], [46, 29]]
Actions [[39, 31, 'VE']]
Realizing [39, 31, 'VE']
[[39, 31], [39, 32], [40, 28], [40, 29], [40, 30], [40, 31], [40, 32], [41, 28], [41, 29], [42, 28], [42, 29], [43, 28], [43, 29], [44, 28], [44, 29], [45, 28], [45, 29], [46, 28], [46, 29]]
Actions [[39, 31, 'VE']]
Realizing [39, 31, 'VE']
[[39, 31], [39, 32], [40, 28], [40, 29], [40, 30], [40, 31], [40, 32], [41, 28], [41, 29], [42, 28], [42, 29], [43, 28], [43, 29], [44, 28], [44, 29], [45, 28], [45, 29], [46, 28], [46, 29]]
Actions [[39, 31, 'VE']]
Realizing [39, 31, 'VE']
[[39, 31], [39, 32], [40, 28], [40, 29], [40, 30], [40, 31], [40, 32], [41, 28], [41, 29], [42, 28], [42, 29], [43, 28], [43, 29], [44, 28], [44, 29], [45, 28], [45, 29], [46, 28], [46, 29]]
Actions [[39, 31, 'VE']]
Realizing [39, 31, 'VE']
[[39, 31], [39, 32], [40, 28], [40, 29], [40, 30], [40, 31], [40, 32], [41, 28], [41, 29], [42, 28], [42, 29], [43, 28], [43, 29], [44, 28], [44, 29], [45, 28], [45, 29], [46, 28], [46, 29]]
Actions [[39, 31, 'VE']]
Realizing [39, 31, 'VE']
[[39, 31], [39, 32], [40, 28], [40, 29], [40, 30], [40, 31], [40, 32], [41, 28], [41, 29], [42, 28], [42, 29], [43, 28], [43, 29], [44, 28], [44, 29], [45, 28], [45, 29], [46, 28], [46, 29]]
Actions [[39, 31, 'VE']]
Realizing [39, 31, 'VE']
[[39, 31], [39, 32], [40, 28], [40, 29], [40, 30], [40, 31], [40, 32], [41, 28], [41, 29], [42, 28], [42, 29], [43, 28], [43, 29], [44, 28], [44, 29], [45, 28], [45, 29], [46, 28], [46, 29]]
Actions [[39, 31, 'VE']]
Realizing [39, 31, 'VE']
[[39, 31], [39, 32], [40, 28], [40, 29], [40, 30], [40, 31], [40, 32], [41, 28], [41, 29], [42, 28], [42, 29], [43, 28], [43, 29], [44, 28], [44, 29], [45, 28], [45, 29], [46, 28], [46, 29]]
Actions [[39, 31, 'VE']]
Realizing [39, 31, 'VE']
[[39, 31], [39, 32], [40, 28], [40, 29], [40, 30], [40, 31], [40, 32], [41, 28], [41, 29], [42, 28], [42, 29], [43, 28], [43, 29], [44, 28], [44, 29], [45, 28], [45, 29], [46, 28], [46, 29]]
Actions [[39, 31, 'VE']]
Realizing [39, 31, 'VE']
[[39, 31], [39, 32], [40, 28], [40, 29], [40, 30], [40, 31], [40, 32], [41, 28], [41, 29], [42, 28], [42, 29], [43, 28], [43, 29], [44, 28], [44, 29], [45, 28], [45, 29], [46, 28], [46, 29]]
Actions [[39, 31, 'VE']]
Realizing [39, 31, 'VE']
[[39, 31], [39, 32], [40, 28], [40, 29], [40, 30], [40, 31], [40, 32], [41, 28], [41, 29], [42, 28], [42, 29], [43, 28], [43, 29], [44, 28], [44, 29], [45, 28], [45, 29], [46, 28], [46, 29]]
Actions [[39, 31, 'VE']]
Realizing [39, 31, 'VE']
[[39, 31], [39, 32], [40, 28], [40, 29], [40, 30], [40, 31], [40, 32], [41, 28], [41, 29], [42, 28], [42, 29], [43, 28], [43, 29], [44, 28], [44, 29], [45, 28], [45, 29], [46, 28], [46, 29]]
Actions [[39, 31, 'VE']]
Realizing [39, 31, 'VE']
[[39, 31], [39, 32], [40, 28], [40, 29], [40, 30], [40, 31], [40, 32], [41, 28], [41, 29], [42, 28], [42, 29], [43, 28], [43, 29], [44, 28], [44, 29], [45, 28], [45, 29], [46, 28], [46, 29]]
Actions [[39, 31, 'VE']]
Realizing [39, 31, 'VE']
[[39, 31], [39, 32], [40, 28], [40, 29], [40, 30], [40, 31], [40, 32], [41, 28], [41, 29], [42, 28], [42, 29], [43, 28], [43, 29], [44, 28], [44, 29], [45, 28], [45, 29], [46, 28], [46, 29]]
Actions [[39, 31, 'VE']]
Realizing [39, 31, 'VE']
[[39, 31], [39, 32], [40, 28], [40, 29], [40, 30], [40, 31], [40, 32], [41, 28], [41, 29], [42, 28], [42, 29], [43, 28], [43, 29], [44, 28], [44, 29], [45, 28], [45, 29], [46, 28], [46, 29]]
Actions [[39, 31, 'VE']]
Realizing [39, 31, 'VE']
[[39, 31], [39, 32], [40, 28], [40, 29], [40, 30], [40, 31], [40, 32], [41, 28], [41, 29], [42, 28], [42, 29], [43, 28], [43, 29], [44, 28], [44, 29], [45, 28], [45, 29], [46, 28], [46, 29]]
Actions [[39, 31, 'VE']]
Realizing [39, 31, 'VE']
[[39, 31], [39, 32], [40, 28], [40, 29], [40, 30], [40, 31], [40, 32], [41, 28], [41, 29], [42, 28], [42, 29], [43, 28], [43, 29], [44, 28], [44, 29], [45, 28], [45, 29], [46, 28], [46, 29]]
Actions [[39, 31, 'VE']]
Realizing [39, 31, 'VE']
[[39, 31], [39, 32], [40, 28], [40, 29], [40, 30], [40, 31], [40, 32], [41, 28], [41, 29], [42, 28], [42, 29], [43, 28], [43, 29], [44, 28], [44, 29], [45, 28], [45, 29], [46, 28], [46, 29]]
Actions [[39, 31, 'VE']]
Realizing [39, 31, 'VE']
[[39, 31], [39, 32], [40, 28], [40, 29], [40, 30], [40, 31], [40, 32], [41, 28], [41, 29], [42, 28], [42, 29], [43, 28], [43, 29], [44, 28], [44, 29], [45, 28], [45, 29], [46, 28], [46, 29]]
Actions [[39, 31, 'VE']]
Realizing [39, 31, 'VE']
[[39, 31], [39, 32], [40, 28], [40, 29], [40, 30], [40, 31], [40, 32], [41, 28], [41, 29], [42, 28], [42, 29], [43, 28], [43, 29], [44, 28], [44, 29], [45, 28], [45, 29], [46, 28], [46, 29]]
Actions [[39, 31, 'VE']]
Realizing [39, 31, 'VE']
[[39, 31], [39, 32], [40, 28], [40, 29], [40, 30], [40, 31], [40, 32], [41, 28], [41, 29], [42, 28], [42, 29], [43, 28], [43, 29], [44, 28], [44, 29], [45, 28], [45, 29], [46, 28], [46, 29]]
Actions [[39, 32, 'VC'], [39, 32, 'VE']]
Realizing [39, 32, 'VC']
[[39, 32], [40, 28], [40, 29], [40, 30], [40, 31], [40, 32], [41, 28], [41, 29], [42, 28], [42, 29], [43, 28], [43, 29], [44, 28], [44, 29], [45, 28], [45, 29], [46, 28], [46, 29]]
Realizing [39, 32, 'VE']
[[39, 32], [40, 28], [40, 29], [40, 30], [40, 31], [40, 32], [41, 28], [41, 29], [42, 28], [42, 29], [43, 28], [43, 29], [44, 28], [44, 29], [45, 28], [45, 29], [46, 28], [46, 29]]
Actions [[39, 32, 'VE']]
Realizing [39, 32, 'VE']
[[39, 32], [40, 28], [40, 29], [40, 30], [40, 31], [40, 32], [41, 28], [41, 29], [42, 28], [42, 29], [43, 28], [43, 29], [44, 28], [44, 29], [45, 28], [45, 29], [46, 28], [46, 29]]
Actions [[39, 32, 'VE']]
Realizing [39, 32, 'VE']
[[39, 32], [40, 28], [40, 29], [40, 30], [40, 31], [40, 32], [41, 28], [41, 29], [42, 28], [42, 29], [43, 28], [43, 29], [44, 28], [44, 29], [45, 28], [45, 29], [46, 28], [46, 29]]
Actions [[39, 32, 'VE']]
Realizing [39, 32, 'VE']
[[39, 32], [40, 28], [40, 29], [40, 30], [40, 31], [40, 32], [41, 28], [41, 29], [42, 28], [42, 29], [43, 28], [43, 29], [44, 28], [44, 29], [45, 28], [45, 29], [46, 28], [46, 29]]
Actions [[39, 32, 'VE']]
Realizing [39, 32, 'VE']
[[39, 32], [40, 28], [40, 29], [40, 30], [40, 31], [40, 32], [41, 28], [41, 29], [42, 28], [42, 29], [43, 28], [43, 29], [44, 28], [44, 29], [45, 28], [45, 29], [46, 28], [46, 29]]
Actions [[39, 32, 'VE']]
Realizing [39, 32, 'VE']
[[39, 32], [40, 28], [40, 29], [40, 30], [40, 31], [40, 32], [41, 28], [41, 29], [42, 28], [42, 29], [43, 28], [43, 29], [44, 28], [44, 29], [45, 28], [45, 29], [46, 28], [46, 29]]
Actions [[39, 32, 'VE']]
Realizing [39, 32, 'VE']
[[39, 32], [40, 28], [40, 29], [40, 30], [40, 31], [40, 32], [41, 28], [41, 29], [42, 28], [42, 29], [43, 28], [43, 29], [44, 28], [44, 29], [45, 28], [45, 29], [46, 28], [46, 29]]
Actions [[39, 32, 'VE']]
Realizing [39, 32, 'VE']
[[39, 32], [40, 28], [40, 29], [40, 30], [40, 31], [40, 32], [41, 28], [41, 29], [42, 28], [42, 29], [43, 28], [43, 29], [44, 28], [44, 29], [45, 28], [45, 29], [46, 28], [46, 29]]
Actions [[39, 32, 'VE']]
Realizing [39, 32, 'VE']
[[39, 32], [40, 28], [40, 29], [40, 30], [40, 31], [40, 32], [41, 28], [41, 29], [42, 28], [42, 29], [43, 28], [43, 29], [44, 28], [44, 29], [45, 28], [45, 29], [46, 28], [46, 29]]
Actions [[39, 32, 'VE']]
Realizing [39, 32, 'VE']
[[39, 32], [40, 28], [40, 29], [40, 30], [40, 31], [40, 32], [41, 28], [41, 29], [42, 28], [42, 29], [43, 28], [43, 29], [44, 28], [44, 29], [45, 28], [45, 29], [46, 28], [46, 29]]
Actions [[39, 32, 'VE']]
Realizing [39, 32, 'VE']
[[39, 32], [40, 28], [40, 29], [40, 30], [40, 31], [40, 32], [41, 28], [41, 29], [42, 28], [42, 29], [43, 28], [43, 29], [44, 28], [44, 29], [45, 28], [45, 29], [46, 28], [46, 29]]
Actions [[39, 32, 'VE']]
Realizing [39, 32, 'VE']
[[39, 32], [40, 28], [40, 29], [40, 30], [40, 31], [40, 32], [41, 28], [41, 29], [42, 28], [42, 29], [43, 28], [43, 29], [44, 28], [44, 29], [45, 28], [45, 29], [46, 28], [46, 29]]
Actions [[39, 32, 'VE']]
Realizing [39, 32, 'VE']
[[39, 32], [40, 28], [40, 29], [40, 30], [40, 31], [40, 32], [41, 28], [41, 29], [42, 28], [42, 29], [43, 28], [43, 29], [44, 28], [44, 29], [45, 28], [45, 29], [46, 28], [46, 29]]
Actions [[39, 32, 'VE']]
Realizing [39, 32, 'VE']
[[39, 32], [40, 28], [40, 29], [40, 30], [40, 31], [40, 32], [41, 28], [41, 29], [42, 28], [42, 29], [43, 28], [43, 29], [44, 28], [44, 29], [45, 28], [45, 29], [46, 28], [46, 29]]
Actions [[39, 32, 'VE']]
Realizing [39, 32, 'VE']
[[39, 32], [40, 28], [40, 29], [40, 30], [40, 31], [40, 32], [41, 28], [41, 29], [42, 28], [42, 29], [43, 28], [43, 29], [44, 28], [44, 29], [45, 28], [45, 29], [46, 28], [46, 29]]
Actions [[39, 32, 'VE']]
Realizing [39, 32, 'VE']
[[39, 32], [40, 28], [40, 29], [40, 30], [40, 31], [40, 32], [41, 28], [41, 29], [42, 28], [42, 29], [43, 28], [43, 29], [44, 28], [44, 29], [45, 28], [45, 29], [46, 28], [46, 29]]
Actions [[39, 32, 'VE']]
Realizing [39, 32, 'VE']
[[39, 32], [40, 28], [40, 29], [40, 30], [40, 31], [40, 32], [41, 28], [41, 29], [42, 28], [42, 29], [43, 28], [43, 29], [44, 28], [44, 29], [45, 28], [45, 29], [46, 28], [46, 29]]
Actions [[39, 32, 'VE']]
Realizing [39, 32, 'VE']
[[39, 32], [40, 28], [40, 29], [40, 30], [40, 31], [40, 32], [41, 28], [41, 29], [42, 28], [42, 29], [43, 28], [43, 29], [44, 28], [44, 29], [45, 28], [45, 29], [46, 28], [46, 29]]
Actions [[39, 32, 'VE']]
Realizing [39, 32, 'VE']
[[39, 32], [40, 28], [40, 29], [40, 30], [40, 31], [40, 32], [41, 28], [41, 29], [42, 28], [42, 29], [43, 28], [43, 29], [44, 28], [44, 29], [45, 28], [45, 29], [46, 28], [46, 29]]
Actions [[39, 32, 'VE']]
Realizing [39, 32, 'VE']
[[39, 32], [40, 28], [40, 29], [40, 30], [40, 31], [40, 32], [41, 28], [41, 29], [42, 28], [42, 29], [43, 28], [43, 29], [44, 28], [44, 29], [45, 28], [45, 29], [46, 28], [46, 29]]
Actions [[39, 32, 'VE']]
Realizing [39, 32, 'VE']
[[39, 32], [40, 28], [40, 29], [40, 30], [40, 31], [40, 32], [41, 28], [41, 29], [42, 28], [42, 29], [43, 28], [43, 29], [44, 28], [44, 29], [45, 28], [45, 29], [46, 28], [46, 29]]
Actions [[39, 32, 'VE']]
Realizing [39, 32, 'VE']
[[39, 32], [40, 28], [40, 29], [40, 30], [40, 31], [40, 32], [41, 28], [41, 29], [42, 28], [42, 29], [43, 28], [43, 29], [44, 28], [44, 29], [45, 28], [45, 29], [46, 28], [46, 29]]
Actions [[39, 32, 'VE']]
Realizing [39, 32, 'VE']
[[39, 32], [40, 28], [40, 29], [40, 30], [40, 31], [40, 32], [41, 28], [41, 29], [42, 28], [42, 29], [43, 28], [43, 29], [44, 28], [44, 29], [45, 28], [45, 29], [46, 28], [46, 29]]
Actions [[39, 32, 'VE']]
Realizing [39, 32, 'VE']
[[39, 32], [40, 28], [40, 29], [40, 30], [40, 31], [40, 32], [41, 28], [41, 29], [42, 28], [42, 29], [43, 28], [43, 29], [44, 28], [44, 29], [45, 28], [45, 29], [46, 28], [46, 29]]
Actions [[39, 32, 'VE']]
Realizing [39, 32, 'VE']
[[39, 32], [40, 28], [40, 29], [40, 30], [40, 31], [40, 32], [41, 28], [41, 29], [42, 28], [42, 29], [43, 28], [43, 29], [44, 28], [44, 29], [45, 28], [45, 29], [46, 28], [46, 29]]
Actions [[39, 32, 'VE']]
Realizing [39, 32, 'VE']
[[39, 32], [40, 28], [40, 29], [40, 30], [40, 31], [40, 32], [41, 28], [41, 29], [42, 28], [42, 29], [43, 28], [43, 29], [44, 28], [44, 29], [45, 28], [45, 29], [46, 28], [46, 29]]
Actions [[39, 32, 'VE']]
Realizing [39, 32, 'VE']
[[39, 32], [40, 28], [40, 29], [40, 30], [40, 31], [40, 32], [41, 28], [41, 29], [42, 28], [42, 29], [43, 28], [43, 29], [44, 28], [44, 29], [45, 28], [45, 29], [46, 28], [46, 29]]
Actions [[39, 32, 'VE']]
Realizing [39, 32, 'VE']
[[39, 32], [40, 28], [40, 29], [40, 30], [40, 31], [40, 32], [41, 28], [41, 29], [42, 28], [42, 29], [43, 28], [43, 29], [44, 28], [44, 29], [45, 28], [45, 29], [46, 28], [46, 29]]
Actions [[39, 32, 'VE']]
Realizing [39, 32, 'VE']
[[39, 32], [40, 28], [40, 29], [40, 30], [40, 31], [40, 32], [41, 28], [41, 29], [42, 28], [42, 29], [43, 28], [43, 29], [44, 28], [44, 29], [45, 28], [45, 29], [46, 28], [46, 29]]
Actions [[39, 32, 'VE']]
Realizing [39, 32, 'VE']
[[39, 32], [40, 28], [40, 29], [40, 30], [40, 31], [40, 32], [41, 28], [41, 29], [42, 28], [42, 29], [43, 28], [43, 29], [44, 28], [44, 29], [45, 28], [45, 29], [46, 28], [46, 29]]
Actions [[39, 32, 'VE']]
Realizing [39, 32, 'VE']
[[39, 32], [40, 28], [40, 29], [40, 30], [40, 31], [40, 32], [41, 28], [41, 29], [42, 28], [42, 29], [43, 28], [43, 29], [44, 28], [44, 29], [45, 28], [45, 29], [46, 28], [46, 29]]
Actions [[39, 32, 'VE']]
Realizing [39, 32, 'VE']
[[39, 32], [40, 28], [40, 29], [40, 30], [40, 31], [40, 32], [41, 28], [41, 29], [42, 28], [42, 29], [43, 28], [43, 29], [44, 28], [44, 29], [45, 28], [45, 29], [46, 28], [46, 29]]
Actions [[39, 32, 'VE']]
Realizing [39, 32, 'VE']
[[39, 32], [40, 28], [40, 29], [40, 30], [40, 31], [40, 32], [41, 28], [41, 29], [42, 28], [42, 29], [43, 28], [43, 29], [44, 28], [44, 29], [45, 28], [45, 29], [46, 28], [46, 29]]
Actions [[39, 32, 'VE']]
Realizing [39, 32, 'VE']
[[39, 32], [40, 28], [40, 29], [40, 30], [40, 31], [40, 32], [41, 28], [41, 29], [42, 28], [42, 29], [43, 28], [43, 29], [44, 28], [44, 29], [45, 28], [45, 29], [46, 28], [46, 29]]
Actions [[39, 32, 'VE']]
Realizing [39, 32, 'VE']
[[39, 32], [40, 28], [40, 29], [40, 30], [40, 31], [40, 32], [41, 28], [41, 29], [42, 28], [42, 29], [43, 28], [43, 29], [44, 28], [44, 29], [45, 28], [45, 29], [46, 28], [46, 29]]
Actions [[39, 32, 'VE']]
Realizing [39, 32, 'VE']
[[39, 32], [40, 28], [40, 29], [40, 30], [40, 31], [40, 32], [41, 28], [41, 29], [42, 28], [42, 29], [43, 28], [43, 29], [44, 28], [44, 29], [45, 28], [45, 29], [46, 28], [46, 29]]
Actions [[39, 32, 'VE']]
Realizing [39, 32, 'VE']
[[39, 32], [40, 28], [40, 29], [40, 30], [40, 31], [40, 32], [41, 28], [41, 29], [42, 28], [42, 29], [43, 28], [43, 29], [44, 28], [44, 29], [45, 28], [45, 29], [46, 28], [46, 29]]
Actions [[39, 32, 'VE']]
Realizing [39, 32, 'VE']
[[39, 32], [40, 28], [40, 29], [40, 30], [40, 31], [40, 32], [41, 28], [41, 29], [42, 28], [42, 29], [43, 28], [43, 29], [44, 28], [44, 29], [45, 28], [45, 29], [46, 28], [46, 29]]
Actions [[39, 32, 'VE']]
Realizing [39, 32, 'VE']
[[39, 32], [40, 28], [40, 29], [40, 30], [40, 31], [40, 32], [41, 28], [41, 29], [42, 28], [42, 29], [43, 28], [43, 29], [44, 28], [44, 29], [45, 28], [45, 29], [46, 28], [46, 29]]
Actions [[39, 32, 'VE']]
Realizing [39, 32, 'VE']
[[39, 32], [40, 28], [40, 29], [40, 30], [40, 31], [40, 32], [41, 28], [41, 29], [42, 28], [42, 29], [43, 28], [43, 29], [44, 28], [44, 29], [45, 28], [45, 29], [46, 28], [46, 29]]
Actions [[39, 32, 'VE']]
Realizing [39, 32, 'VE']
[[39, 32], [40, 28], [40, 29], [40, 30], [40, 31], [40, 32], [41, 28], [41, 29], [42, 28], [42, 29], [43, 28], [43, 29], [44, 28], [44, 29], [45, 28], [45, 29], [46, 28], [46, 29]]
Actions [[39, 32, 'VE']]
Realizing [39, 32, 'VE']
[[39, 32], [40, 28], [40, 29], [40, 30], [40, 31], [40, 32], [41, 28], [41, 29], [42, 28], [42, 29], [43, 28], [43, 29], [44, 28], [44, 29], [45, 28], [45, 29], [46, 28], [46, 29]]
Actions [[39, 32, 'VE']]
Realizing [39, 32, 'VE']
[[39, 32], [40, 28], [40, 29], [40, 30], [40, 31], [40, 32], [41, 28], [41, 29], [42, 28], [42, 29], [43, 28], [43, 29], [44, 28], [44, 29], [45, 28], [45, 29], [46, 28], [46, 29]]
Actions [[40, 28, 'VC'], [40, 28, 'VE']]
Realizing [40, 28, 'VC']
[[40, 28], [40, 29], [40, 30], [40, 31], [40, 32], [41, 28], [41, 29], [42, 28], [42, 29], [43, 28], [43, 29], [44, 28], [44, 29], [45, 28], [45, 29], [46, 28], [46, 29]]
Realizing [40, 28, 'VE']
[[40, 28], [40, 29], [40, 30], [40, 31], [40, 32], [41, 28], [41, 29], [42, 28], [42, 29], [43, 28], [43, 29], [44, 28], [44, 29], [45, 28], [45, 29], [46, 28], [46, 29]]
Actions [[40, 28, 'VE']]
Realizing [40, 28, 'VE']
[[40, 28], [40, 29], [40, 30], [40, 31], [40, 32], [41, 28], [41, 29], [42, 28], [42, 29], [43, 28], [43, 29], [44, 28], [44, 29], [45, 28], [45, 29], [46, 28], [46, 29]]
Actions [[40, 28, 'VE']]
Realizing [40, 28, 'VE']
[[40, 28], [40, 29], [40, 30], [40, 31], [40, 32], [41, 28], [41, 29], [42, 28], [42, 29], [43, 28], [43, 29], [44, 28], [44, 29], [45, 28], [45, 29], [46, 28], [46, 29]]
Actions [[40, 28, 'VE']]
Realizing [40, 28, 'VE']
[[40, 28], [40, 29], [40, 30], [40, 31], [40, 32], [41, 28], [41, 29], [42, 28], [42, 29], [43, 28], [43, 29], [44, 28], [44, 29], [45, 28], [45, 29], [46, 28], [46, 29]]
Actions [[40, 28, 'VE']]
Realizing [40, 28, 'VE']
[[40, 28], [40, 29], [40, 30], [40, 31], [40, 32], [41, 28], [41, 29], [42, 28], [42, 29], [43, 28], [43, 29], [44, 28], [44, 29], [45, 28], [45, 29], [46, 28], [46, 29]]
Actions [[40, 28, 'VE']]
Realizing [40, 28, 'VE']
[[40, 28], [40, 29], [40, 30], [40, 31], [40, 32], [41, 28], [41, 29], [42, 28], [42, 29], [43, 28], [43, 29], [44, 28], [44, 29], [45, 28], [45, 29], [46, 28], [46, 29]]
Actions [[40, 28, 'VE']]
Realizing [40, 28, 'VE']
[[40, 28], [40, 29], [40, 30], [40, 31], [40, 32], [41, 28], [41, 29], [42, 28], [42, 29], [43, 28], [43, 29], [44, 28], [44, 29], [45, 28], [45, 29], [46, 28], [46, 29]]
Actions [[40, 28, 'VE']]
Realizing [40, 28, 'VE']
[[40, 28], [40, 29], [40, 30], [40, 31], [40, 32], [41, 28], [41, 29], [42, 28], [42, 29], [43, 28], [43, 29], [44, 28], [44, 29], [45, 28], [45, 29], [46, 28], [46, 29]]
Actions [[40, 28, 'VE']]
Realizing [40, 28, 'VE']
[[40, 28], [40, 29], [40, 30], [40, 31], [40, 32], [41, 28], [41, 29], [42, 28], [42, 29], [43, 28], [43, 29], [44, 28], [44, 29], [45, 28], [45, 29], [46, 28], [46, 29]]
Actions [[40, 28, 'VE']]
Realizing [40, 28, 'VE']
[[40, 28], [40, 29], [40, 30], [40, 31], [40, 32], [41, 28], [41, 29], [42, 28], [42, 29], [43, 28], [43, 29], [44, 28], [44, 29], [45, 28], [45, 29], [46, 28], [46, 29]]
Actions [[40, 28, 'VE']]
Realizing [40, 28, 'VE']
[[40, 28], [40, 29], [40, 30], [40, 31], [40, 32], [41, 28], [41, 29], [42, 28], [42, 29], [43, 28], [43, 29], [44, 28], [44, 29], [45, 28], [45, 29], [46, 28], [46, 29]]
Actions [[40, 28, 'VE']]
Realizing [40, 28, 'VE']
[[40, 28], [40, 29], [40, 30], [40, 31], [40, 32], [41, 28], [41, 29], [42, 28], [42, 29], [43, 28], [43, 29], [44, 28], [44, 29], [45, 28], [45, 29], [46, 28], [46, 29]]
Actions [[40, 28, 'VE']]
Realizing [40, 28, 'VE']
[[40, 28], [40, 29], [40, 30], [40, 31], [40, 32], [41, 28], [41, 29], [42, 28], [42, 29], [43, 28], [43, 29], [44, 28], [44, 29], [45, 28], [45, 29], [46, 28], [46, 29]]
Actions [[40, 28, 'VE']]
Realizing [40, 28, 'VE']
[[40, 28], [40, 29], [40, 30], [40, 31], [40, 32], [41, 28], [41, 29], [42, 28], [42, 29], [43, 28], [43, 29], [44, 28], [44, 29], [45, 28], [45, 29], [46, 28], [46, 29]]
Actions [[40, 28, 'VE']]
Realizing [40, 28, 'VE']
[[40, 28], [40, 29], [40, 30], [40, 31], [40, 32], [41, 28], [41, 29], [42, 28], [42, 29], [43, 28], [43, 29], [44, 28], [44, 29], [45, 28], [45, 29], [46, 28], [46, 29]]
Actions [[40, 28, 'VE']]
Realizing [40, 28, 'VE']
[[40, 28], [40, 29], [40, 30], [40, 31], [40, 32], [41, 28], [41, 29], [42, 28], [42, 29], [43, 28], [43, 29], [44, 28], [44, 29], [45, 28], [45, 29], [46, 28], [46, 29]]
Actions [[40, 28, 'VE']]
Realizing [40, 28, 'VE']
[[40, 28], [40, 29], [40, 30], [40, 31], [40, 32], [41, 28], [41, 29], [42, 28], [42, 29], [43, 28], [43, 29], [44, 28], [44, 29], [45, 28], [45, 29], [46, 28], [46, 29]]
Actions [[40, 28, 'VE']]
Realizing [40, 28, 'VE']
[[40, 28], [40, 29], [40, 30], [40, 31], [40, 32], [41, 28], [41, 29], [42, 28], [42, 29], [43, 28], [43, 29], [44, 28], [44, 29], [45, 28], [45, 29], [46, 28], [46, 29]]
Actions [[40, 28, 'VE']]
Realizing [40, 28, 'VE']
[[40, 28], [40, 29], [40, 30], [40, 31], [40, 32], [41, 28], [41, 29], [42, 28], [42, 29], [43, 28], [43, 29], [44, 28], [44, 29], [45, 28], [45, 29], [46, 28], [46, 29]]
Actions [[40, 28, 'VE']]
Realizing [40, 28, 'VE']
[[40, 28], [40, 29], [40, 30], [40, 31], [40, 32], [41, 28], [41, 29], [42, 28], [42, 29], [43, 28], [43, 29], [44, 28], [44, 29], [45, 28], [45, 29], [46, 28], [46, 29]]
Actions [[40, 28, 'VE']]
Realizing [40, 28, 'VE']
[[40, 28], [40, 29], [40, 30], [40, 31], [40, 32], [41, 28], [41, 29], [42, 28], [42, 29], [43, 28], [43, 29], [44, 28], [44, 29], [45, 28], [45, 29], [46, 28], [46, 29]]
Actions [[40, 28, 'VE']]
Realizing [40, 28, 'VE']
[[40, 28], [40, 29], [40, 30], [40, 31], [40, 32], [41, 28], [41, 29], [42, 28], [42, 29], [43, 28], [43, 29], [44, 28], [44, 29], [45, 28], [45, 29], [46, 28], [46, 29]]
Actions [[40, 28, 'VE']]
Realizing [40, 28, 'VE']
[[40, 28], [40, 29], [40, 30], [40, 31], [40, 32], [41, 28], [41, 29], [42, 28], [42, 29], [43, 28], [43, 29], [44, 28], [44, 29], [45, 28], [45, 29], [46, 28], [46, 29]]
Actions [[40, 28, 'VE']]
Realizing [40, 28, 'VE']
[[40, 28], [40, 29], [40, 30], [40, 31], [40, 32], [41, 28], [41, 29], [42, 28], [42, 29], [43, 28], [43, 29], [44, 28], [44, 29], [45, 28], [45, 29], [46, 28], [46, 29]]
Actions [[40, 28, 'VE']]
Realizing [40, 28, 'VE']
[[40, 28], [40, 29], [40, 30], [40, 31], [40, 32], [41, 28], [41, 29], [42, 28], [42, 29], [43, 28], [43, 29], [44, 28], [44, 29], [45, 28], [45, 29], [46, 28], [46, 29]]
Actions [[40, 28, 'VE']]
Realizing [40, 28, 'VE']
[[40, 28], [40, 29], [40, 30], [40, 31], [40, 32], [41, 28], [41, 29], [42, 28], [42, 29], [43, 28], [43, 29], [44, 28], [44, 29], [45, 28], [45, 29], [46, 28], [46, 29]]
Actions [[40, 28, 'VE']]
Realizing [40, 28, 'VE']
[[40, 28], [40, 29], [40, 30], [40, 31], [40, 32], [41, 28], [41, 29], [42, 28], [42, 29], [43, 28], [43, 29], [44, 28], [44, 29], [45, 28], [45, 29], [46, 28], [46, 29]]
Actions [[40, 28, 'VE']]
Realizing [40, 28, 'VE']
[[40, 28], [40, 29], [40, 30], [40, 31], [40, 32], [41, 28], [41, 29], [42, 28], [42, 29], [43, 28], [43, 29], [44, 28], [44, 29], [45, 28], [45, 29], [46, 28], [46, 29]]
Actions [[40, 28, 'VE']]
Realizing [40, 28, 'VE']
[[40, 28], [40, 29], [40, 30], [40, 31], [40, 32], [41, 28], [41, 29], [42, 28], [42, 29], [43, 28], [43, 29], [44, 28], [44, 29], [45, 28], [45, 29], [46, 28], [46, 29]]
Actions [[40, 28, 'VE']]
Realizing [40, 28, 'VE']
[[40, 28], [40, 29], [40, 30], [40, 31], [40, 32], [41, 28], [41, 29], [42, 28], [42, 29], [43, 28], [43, 29], [44, 28], [44, 29], [45, 28], [45, 29], [46, 28], [46, 29]]
Actions [[40, 28, 'VE']]
Realizing [40, 28, 'VE']
[[40, 28], [40, 29], [40, 30], [40, 31], [40, 32], [41, 28], [41, 29], [42, 28], [42, 29], [43, 28], [43, 29], [44, 28], [44, 29], [45, 28], [45, 29], [46, 28], [46, 29]]
Actions [[40, 28, 'VE']]
Realizing [40, 28, 'VE']
[[40, 28], [40, 29], [40, 30], [40, 31], [40, 32], [41, 28], [41, 29], [42, 28], [42, 29], [43, 28], [43, 29], [44, 28], [44, 29], [45, 28], [45, 29], [46, 28], [46, 29]]
Actions [[40, 28, 'VE']]
Realizing [40, 28, 'VE']
[[40, 28], [40, 29], [40, 30], [40, 31], [40, 32], [41, 28], [41, 29], [42, 28], [42, 29], [43, 28], [43, 29], [44, 28], [44, 29], [45, 28], [45, 29], [46, 28], [46, 29]]
Actions [[40, 28, 'VE']]
Realizing [40, 28, 'VE']
[[40, 28], [40, 29], [40, 30], [40, 31], [40, 32], [41, 28], [41, 29], [42, 28], [42, 29], [43, 28], [43, 29], [44, 28], [44, 29], [45, 28], [45, 29], [46, 28], [46, 29]]
Actions [[40, 28, 'VE']]
Realizing [40, 28, 'VE']
[[40, 28], [40, 29], [40, 30], [40, 31], [40, 32], [41, 28], [41, 29], [42, 28], [42, 29], [43, 28], [43, 29], [44, 28], [44, 29], [45, 28], [45, 29], [46, 28], [46, 29]]
Actions [[40, 28, 'VE']]
Realizing [40, 28, 'VE']
[[40, 28], [40, 29], [40, 30], [40, 31], [40, 32], [41, 28], [41, 29], [42, 28], [42, 29], [43, 28], [43, 29], [44, 28], [44, 29], [45, 28], [45, 29], [46, 28], [46, 29]]
Actions [[40, 28, 'VE']]
Realizing [40, 28, 'VE']
[[40, 28], [40, 29], [40, 30], [40, 31], [40, 32], [41, 28], [41, 29], [42, 28], [42, 29], [43, 28], [43, 29], [44, 28], [44, 29], [45, 28], [45, 29], [46, 28], [46, 29]]
Actions [[40, 28, 'VE']]
Realizing [40, 28, 'VE']
[[40, 28], [40, 29], [40, 30], [40, 31], [40, 32], [41, 28], [41, 29], [42, 28], [42, 29], [43, 28], [43, 29], [44, 28], [44, 29], [45, 28], [45, 29], [46, 28], [46, 29]]
Actions [[40, 28, 'VE']]
Realizing [40, 28, 'VE']
[[40, 28], [40, 29], [40, 30], [40, 31], [40, 32], [41, 28], [41, 29], [42, 28], [42, 29], [43, 28], [43, 29], [44, 28], [44, 29], [45, 28], [45, 29], [46, 28], [46, 29]]
Actions [[40, 28, 'VE']]
Realizing [40, 28, 'VE']
[[40, 28], [40, 29], [40, 30], [40, 31], [40, 32], [41, 28], [41, 29], [42, 28], [42, 29], [43, 28], [43, 29], [44, 28], [44, 29], [45, 28], [45, 29], [46, 28], [46, 29]]
Actions [[40, 28, 'VE']]
Realizing [40, 28, 'VE']
[[40, 28], [40, 29], [40, 30], [40, 31], [40, 32], [41, 28], [41, 29], [42, 28], [42, 29], [43, 28], [43, 29], [44, 28], [44, 29], [45, 28], [45, 29], [46, 28], [46, 29]]
Actions [[40, 28, 'VE']]
Realizing [40, 28, 'VE']
[[40, 28], [40, 29], [40, 30], [40, 31], [40, 32], [41, 28], [41, 29], [42, 28], [42, 29], [43, 28], [43, 29], [44, 28], [44, 29], [45, 28], [45, 29], [46, 28], [46, 29]]
Actions [[40, 28, 'VE']]
Realizing [40, 28, 'VE']
[[40, 28], [40, 29], [40, 30], [40, 31], [40, 32], [41, 28], [41, 29], [42, 28], [42, 29], [43, 28], [43, 29], [44, 28], [44, 29], [45, 28], [45, 29], [46, 28], [46, 29]]
Actions [[40, 28, 'VE']]
Realizing [40, 28, 'VE']
[[40, 28], [40, 29], [40, 30], [40, 31], [40, 32], [41, 28], [41, 29], [42, 28], [42, 29], [43, 28], [43, 29], [44, 28], [44, 29], [45, 28], [45, 29], [46, 28], [46, 29]]
Actions [[40, 29, 'LH'], [40, 29, 'LV']]
Realizing [40, 29, 'LH']
[[40, 29], [40, 30], [40, 31], [40, 32], [41, 28], [41, 29], [42, 28], [42, 29], [43, 28], [43, 29], [44, 28], [44, 29], [45, 28], [45, 29], [46, 28], [46, 29]]
Realizing [40, 29, 'LV']
[[40, 29], [40, 30], [40, 31], [40, 32], [41, 28], [41, 29], [42, 28], [42, 29], [43, 28], [43, 29], [44, 28], [44, 29], [45, 28], [45, 29], [46, 28], [46, 29]]
Actions [[40, 30, 'FC'], [40, 30, 'FD'], [40, 30, 'FE']]
Realizing [40, 30, 'FC']
[[40, 30], [40, 31], [40, 32], [41, 28], [41, 29], [42, 28], [42, 29], [43, 28], [43, 29], [44, 28], [44, 29], [45, 28], [45, 29], [46, 28], [46, 29]]
Realizing [40, 30, 'FD']
[[40, 30], [40, 31], [40, 32], [41, 28], [41, 29], [42, 28], [42, 29], [43, 28], [43, 29], [44, 28], [44, 29], [45, 28], [45, 29], [46, 28], [46, 29]]
Realizing [40, 30, 'FE']
[[40, 30], [40, 31], [40, 32], [41, 28], [41, 29], [42, 28], [42, 29], [43, 28], [43, 29], [44, 28], [44, 29], [45, 28], [45, 29], [46, 28], [46, 29]]
Actions [[40, 30, 'FE']]
Realizing [40, 30, 'FE']
[[40, 30], [40, 31], [40, 32], [41, 28], [41, 29], [42, 28], [42, 29], [43, 28], [43, 29], [44, 28], [44, 29], [45, 28], [45, 29], [46, 28], [46, 29]]
Actions [[40, 29, 'LV']]
Realizing [40, 29, 'LV']
[[40, 29], [40, 30], [40, 31], [40, 32], [41, 28], [41, 29], [42, 28], [42, 29], [43, 28], [43, 29], [44, 28], [44, 29], [45, 28], [45, 29], [46, 28], [46, 29]]
Actions [[40, 30, 'FE']]
Realizing [40, 30, 'FE']
[[40, 30], [40, 31], [40, 32], [41, 28], [41, 29], [42, 28], [42, 29], [43, 28], [43, 29], [44, 28], [44, 29], [45, 28], [45, 29], [46, 28], [46, 29]]
Actions [[40, 29, 'LV']]
Realizing [40, 29, 'LV']
[[40, 29], [40, 30], [40, 31], [40, 32], [41, 28], [41, 29], [42, 28], [42, 29], [43, 28], [43, 29], [44, 28], [44, 29], [45, 28], [45, 29], [46, 28], [46, 29]]
Actions [[40, 30, 'FE']]
Realizing [40, 30, 'FE']
[[40, 30], [40, 31], [40, 32], [41, 28], [41, 29], [42, 28], [42, 29], [43, 28], [43, 29], [44, 28], [44, 29], [45, 28], [45, 29], [46, 28], [46, 29]]
Actions [[40, 29, 'LV']]
Realizing [40, 29, 'LV']
[[40, 29], [40, 30], [40, 31], [40, 32], [41, 28], [41, 29], [42, 28], [42, 29], [43, 28], [43, 29], [44, 28], [44, 29], [45, 28], [45, 29], [46, 28], [46, 29]]
Actions [[40, 30, 'FE']]
Realizing [40, 30, 'FE']
[[40, 30], [40, 31], [40, 32], [41, 28], [41, 29], [42, 28], [42, 29], [43, 28], [43, 29], [44, 28], [44, 29], [45, 28], [45, 29], [46, 28], [46, 29]]
Actions [[40, 29, 'LV']]
Realizing [40, 29, 'LV']
[[40, 29], [40, 30], [40, 31], [40, 32], [41, 28], [41, 29], [42, 28], [42, 29], [43, 28], [43, 29], [44, 28], [44, 29], [45, 28], [45, 29], [46, 28], [46, 29]]
Actions [[40, 30, 'FE']]
Realizing [40, 30, 'FE']
[[40, 30], [40, 31], [40, 32], [41, 28], [41, 29], [42, 28], [42, 29], [43, 28], [43, 29], [44, 28], [44, 29], [45, 28], [45, 29], [46, 28], [46, 29]]
Actions [[40, 29, 'LV']]
Realizing [40, 29, 'LV']
[[40, 29], [40, 30], [40, 31], [40, 32], [41, 28], [41, 29], [42, 28], [42, 29], [43, 28], [43, 29], [44, 28], [44, 29], [45, 28], [45, 29], [46, 28], [46, 29]]
Actions [[40, 30, 'FE']]
Realizing [40, 30, 'FE']
[[40, 30], [40, 31], [40, 32], [41, 28], [41, 29], [42, 28], [42, 29], [43, 28], [43, 29], [44, 28], [44, 29], [45, 28], [45, 29], [46, 28], [46, 29]]
Actions [[40, 29, 'LV']]
Realizing [40, 29, 'LV']
[[40, 29], [40, 30], [40, 31], [40, 32], [41, 28], [41, 29], [42, 28], [42, 29], [43, 28], [43, 29], [44, 28], [44, 29], [45, 28], [45, 29], [46, 28], [46, 29]]
Actions [[40, 30, 'FE']]
Realizing [40, 30, 'FE']
[[40, 30], [40, 31], [40, 32], [41, 28], [41, 29], [42, 28], [42, 29], [43, 28], [43, 29], [44, 28], [44, 29], [45, 28], [45, 29], [46, 28], [46, 29]]
Actions [[40, 29, 'LV']]
Realizing [40, 29, 'LV']
[[40, 29], [40, 30], [40, 31], [40, 32], [41, 28], [41, 29], [42, 28], [42, 29], [43, 28], [43, 29], [44, 28], [44, 29], [45, 28], [45, 29], [46, 28], [46, 29]]
Actions [[40, 30, 'FE']]
Realizing [40, 30, 'FE']
[[40, 30], [40, 31], [40, 32], [41, 28], [41, 29], [42, 28], [42, 29], [43, 28], [43, 29], [44, 28], [44, 29], [45, 28], [45, 29], [46, 28], [46, 29]]
Actions [[40, 29, 'LV']]
Realizing [40, 29, 'LV']
[[40, 29], [40, 30], [40, 31], [40, 32], [41, 28], [41, 29], [42, 28], [42, 29], [43, 28], [43, 29], [44, 28], [44, 29], [45, 28], [45, 29], [46, 28], [46, 29]]
Actions [[40, 30, 'FE']]
Realizing [40, 30, 'FE']
[[40, 30], [40, 31], [40, 32], [41, 28], [41, 29], [42, 28], [42, 29], [43, 28], [43, 29], [44, 28], [44, 29], [45, 28], [45, 29], [46, 28], [46, 29]]
Actions [[40, 29, 'LV']]
Realizing [40, 29, 'LV']
[[40, 29], [40, 30], [40, 31], [40, 32], [41, 28], [41, 29], [42, 28], [42, 29], [43, 28], [43, 29], [44, 28], [44, 29], [45, 28], [45, 29], [46, 28], [46, 29]]
Actions [[40, 30, 'FE']]
Realizing [40, 30, 'FE']
[[40, 30], [40, 31], [40, 32], [41, 28], [41, 29], [42, 28], [42, 29], [43, 28], [43, 29], [44, 28], [44, 29], [45, 28], [45, 29], [46, 28], [46, 29]]
Actions [[40, 29, 'LV']]
Realizing [40, 29, 'LV']
[[40, 29], [40, 30], [40, 31], [40, 32], [41, 28], [41, 29], [42, 28], [42, 29], [43, 28], [43, 29], [44, 28], [44, 29], [45, 28], [45, 29], [46, 28], [46, 29]]
Actions [[40, 30, 'FE']]
Realizing [40, 30, 'FE']
[[40, 30], [40, 31], [40, 32], [41, 28], [41, 29], [42, 28], [42, 29], [43, 28], [43, 29], [44, 28], [44, 29], [45, 28], [45, 29], [46, 28], [46, 29]]
Actions [[40, 29, 'LV']]
Realizing [40, 29, 'LV']
[[40, 29], [40, 30], [40, 31], [40, 32], [41, 28], [41, 29], [42, 28], [42, 29], [43, 28], [43, 29], [44, 28], [44, 29], [45, 28], [45, 29], [46, 28], [46, 29]]
Actions [[40, 30, 'FE']]
Realizing [40, 30, 'FE']
[[40, 30], [40, 31], [40, 32], [41, 28], [41, 29], [42, 28], [42, 29], [43, 28], [43, 29], [44, 28], [44, 29], [45, 28], [45, 29], [46, 28], [46, 29]]
Actions [[40, 29, 'LV']]
Realizing [40, 29, 'LV']
[[40, 29], [40, 30], [40, 31], [40, 32], [41, 28], [41, 29], [42, 28], [42, 29], [43, 28], [43, 29], [44, 28], [44, 29], [45, 28], [45, 29], [46, 28], [46, 29]]
Actions [[40, 30, 'FE']]
Realizing [40, 30, 'FE']
[[40, 30], [40, 31], [40, 32], [41, 28], [41, 29], [42, 28], [42, 29], [43, 28], [43, 29], [44, 28], [44, 29], [45, 28], [45, 29], [46, 28], [46, 29]]
Actions [[40, 29, 'LV']]
Realizing [40, 29, 'LV']
[[40, 29], [40, 30], [40, 31], [40, 32], [41, 28], [41, 29], [42, 28], [42, 29], [43, 28], [43, 29], [44, 28], [44, 29], [45, 28], [45, 29], [46, 28], [46, 29]]
Actions [[40, 30, 'FE']]
Realizing [40, 30, 'FE']
[[40, 30], [40, 31], [40, 32], [41, 28], [41, 29], [42, 28], [42, 29], [43, 28], [43, 29], [44, 28], [44, 29], [45, 28], [45, 29], [46, 28], [46, 29]]
Actions [[40, 29, 'LV']]
Realizing [40, 29, 'LV']
[[40, 29], [40, 30], [40, 31], [40, 32], [41, 28], [41, 29], [42, 28], [42, 29], [43, 28], [43, 29], [44, 28], [44, 29], [45, 28], [45, 29], [46, 28], [46, 29]]
Actions [[40, 30, 'FE']]
Realizing [40, 30, 'FE']
[[40, 30], [40, 31], [40, 32], [41, 28], [41, 29], [42, 28], [42, 29], [43, 28], [43, 29], [44, 28], [44, 29], [45, 28], [45, 29], [46, 28], [46, 29]]
Actions [[40, 29, 'LV']]
Realizing [40, 29, 'LV']
[[40, 29], [40, 30], [40, 31], [40, 32], [41, 28], [41, 29], [42, 28], [42, 29], [43, 28], [43, 29], [44, 28], [44, 29], [45, 28], [45, 29], [46, 28], [46, 29]]
Actions [[40, 30, 'FE']]
Realizing [40, 30, 'FE']
[[40, 30], [40, 31], [40, 32], [41, 28], [41, 29], [42, 28], [42, 29], [43, 28], [43, 29], [44, 28], [44, 29], [45, 28], [45, 29], [46, 28], [46, 29]]
Actions [[40, 29, 'LV']]
Realizing [40, 29, 'LV']
[[40, 29], [40, 30], [40, 31], [40, 32], [41, 28], [41, 29], [42, 28], [42, 29], [43, 28], [43, 29], [44, 28], [44, 29], [45, 28], [45, 29], [46, 28], [46, 29]]
Actions [[40, 30, 'FE']]
Realizing [40, 30, 'FE']
[[40, 30], [40, 31], [40, 32], [41, 28], [41, 29], [42, 28], [42, 29], [43, 28], [43, 29], [44, 28], [44, 29], [45, 28], [45, 29], [46, 28], [46, 29]]
Actions [[40, 29, 'LV']]
Realizing [40, 29, 'LV']
[[40, 29], [40, 30], [40, 31], [40, 32], [41, 28], [41, 29], [42, 28], [42, 29], [43, 28], [43, 29], [44, 28], [44, 29], [45, 28], [45, 29], [46, 28], [46, 29]]
Actions [[40, 30, 'FE']]
Realizing [40, 30, 'FE']
[[40, 30], [40, 31], [40, 32], [41, 28], [41, 29], [42, 28], [42, 29], [43, 28], [43, 29], [44, 28], [44, 29], [45, 28], [45, 29], [46, 28], [46, 29]]
Actions [[40, 29, 'LV']]
Realizing [40, 29, 'LV']
[[40, 29], [40, 30], [40, 31], [40, 32], [41, 28], [41, 29], [42, 28], [42, 29], [43, 28], [43, 29], [44, 28], [44, 29], [45, 28], [45, 29], [46, 28], [46, 29]]
Actions [[40, 30, 'FE']]
Realizing [40, 30, 'FE']
[[40, 30], [40, 31], [40, 32], [41, 28], [41, 29], [42, 28], [42, 29], [43, 28], [43, 29], [44, 28], [44, 29], [45, 28], [45, 29], [46, 28], [46, 29]]
Actions [[40, 29, 'LV']]
Realizing [40, 29, 'LV']
[[40, 29], [40, 30], [40, 31], [40, 32], [41, 28], [41, 29], [42, 28], [42, 29], [43, 28], [43, 29], [44, 28], [44, 29], [45, 28], [45, 29], [46, 28], [46, 29]]
Actions [[40, 30, 'FE']]
Realizing [40, 30, 'FE']
[[40, 30], [40, 31], [40, 32], [41, 28], [41, 29], [42, 28], [42, 29], [43, 28], [43, 29], [44, 28], [44, 29], [45, 28], [45, 29], [46, 28], [46, 29]]
Actions [[40, 29, 'LV']]
Realizing [40, 29, 'LV']
[[40, 29], [40, 30], [40, 31], [40, 32], [41, 28], [41, 29], [42, 28], [42, 29], [43, 28], [43, 29], [44, 28], [44, 29], [45, 28], [45, 29], [46, 28], [46, 29]]
Actions [[40, 30, 'FE']]
Realizing [40, 30, 'FE']
[[40, 30], [40, 31], [40, 32], [41, 28], [41, 29], [42, 28], [42, 29], [43, 28], [43, 29], [44, 28], [44, 29], [45, 28], [45, 29], [46, 28], [46, 29]]
Actions [[40, 29, 'LV']]
Realizing [40, 29, 'LV']
[[40, 29], [40, 30], [40, 31], [40, 32], [41, 28], [41, 29], [42, 28], [42, 29], [43, 28], [43, 29], [44, 28], [44, 29], [45, 28], [45, 29], [46, 28], [46, 29]]
Actions [[40, 30, 'FE']]
Realizing [40, 30, 'FE']
[[40, 30], [40, 31], [40, 32], [41, 28], [41, 29], [42, 28], [42, 29], [43, 28], [43, 29], [44, 28], [44, 29], [45, 28], [45, 29], [46, 28], [46, 29]]
Actions [[40, 29, 'LV']]
Realizing [40, 29, 'LV']
[[40, 29], [40, 30], [40, 31], [40, 32], [41, 28], [41, 29], [42, 28], [42, 29], [43, 28], [43, 29], [44, 28], [44, 29], [45, 28], [45, 29], [46, 28], [46, 29]]
Actions [[40, 30, 'FE']]
Realizing [40, 30, 'FE']
[[40, 30], [40, 31], [40, 32], [41, 28], [41, 29], [42, 28], [42, 29], [43, 28], [43, 29], [44, 28], [44, 29], [45, 28], [45, 29], [46, 28], [46, 29]]
Actions [[40, 29, 'LV']]
Realizing [40, 29, 'LV']
[[40, 29], [40, 30], [40, 31], [40, 32], [41, 28], [41, 29], [42, 28], [42, 29], [43, 28], [43, 29], [44, 28], [44, 29], [45, 28], [45, 29], [46, 28], [46, 29]]
Actions [[40, 30, 'FE']]
Realizing [40, 30, 'FE']
[[40, 30], [40, 31], [40, 32], [41, 28], [41, 29], [42, 28], [42, 29], [43, 28], [43, 29], [44, 28], [44, 29], [45, 28], [45, 29], [46, 28], [46, 29]]
Actions [[40, 29, 'LV']]
Realizing [40, 29, 'LV']
[[40, 29], [40, 30], [40, 31], [40, 32], [41, 28], [41, 29], [42, 28], [42, 29], [43, 28], [43, 29], [44, 28], [44, 29], [45, 28], [45, 29], [46, 28], [46, 29]]
Actions [[40, 30, 'FE']]
Realizing [40, 30, 'FE']
[[40, 30], [40, 31], [40, 32], [41, 28], [41, 29], [42, 28], [42, 29], [43, 28], [43, 29], [44, 28], [44, 29], [45, 28], [45, 29], [46, 28], [46, 29]]
Actions [[40, 29, 'LV']]
Realizing [40, 29, 'LV']
[[40, 29], [40, 30], [40, 31], [40, 32], [41, 28], [41, 29], [42, 28], [42, 29], [43, 28], [43, 29], [44, 28], [44, 29], [45, 28], [45, 29], [46, 28], [46, 29]]
Actions [[40, 30, 'FE']]
Realizing [40, 30, 'FE']
[[40, 30], [40, 31], [40, 32], [41, 28], [41, 29], [42, 28], [42, 29], [43, 28], [43, 29], [44, 28], [44, 29], [45, 28], [45, 29], [46, 28], [46, 29]]
Actions [[40, 29, 'LV']]
Realizing [40, 29, 'LV']
[[40, 29], [40, 30], [40, 31], [40, 32], [41, 28], [41, 29], [42, 28], [42, 29], [43, 28], [43, 29], [44, 28], [44, 29], [45, 28], [45, 29], [46, 28], [46, 29]]
Actions [[40, 30, 'FE']]
Realizing [40, 30, 'FE']
[[40, 30], [40, 31], [40, 32], [41, 28], [41, 29], [42, 28], [42, 29], [43, 28], [43, 29], [44, 28], [44, 29], [45, 28], [45, 29], [46, 28], [46, 29]]
Actions [[40, 29, 'LV']]
Realizing [40, 29, 'LV']
[[40, 29], [40, 30], [40, 31], [40, 32], [41, 28], [41, 29], [42, 28], [42, 29], [43, 28], [43, 29], [44, 28], [44, 29], [45, 28], [45, 29], [46, 28], [46, 29]]
Actions [[40, 30, 'FE']]
Realizing [40, 30, 'FE']
[[40, 30], [40, 31], [40, 32], [41, 28], [41, 29], [42, 28], [42, 29], [43, 28], [43, 29], [44, 28], [44, 29], [45, 28], [45, 29], [46, 28], [46, 29]]
Actions [[40, 29, 'LV']]
Realizing [40, 29, 'LV']
[[40, 29], [40, 30], [40, 31], [40, 32], [41, 28], [41, 29], [42, 28], [42, 29], [43, 28], [43, 29], [44, 28], [44, 29], [45, 28], [45, 29], [46, 28], [46, 29]]
Actions [[40, 30, 'FE']]
Realizing [40, 30, 'FE']
[[40, 30], [40, 31], [40, 32], [41, 28], [41, 29], [42, 28], [42, 29], [43, 28], [43, 29], [44, 28], [44, 29], [45, 28], [45, 29], [46, 28], [46, 29]]
Actions [[40, 29, 'LV']]
Realizing [40, 29, 'LV']
[[40, 29], [40, 30], [40, 31], [40, 32], [41, 28], [41, 29], [42, 28], [42, 29], [43, 28], [43, 29], [44, 28], [44, 29], [45, 28], [45, 29], [46, 28], [46, 29]]
Actions [[40, 30, 'FE']]
Realizing [40, 30, 'FE']
[[40, 30], [40, 31], [40, 32], [41, 28], [41, 29], [42, 28], [42, 29], [43, 28], [43, 29], [44, 28], [44, 29], [45, 28], [45, 29], [46, 28], [46, 29]]
Actions [[40, 29, 'LV']]
Realizing [40, 29, 'LV']
[[40, 29], [40, 30], [40, 31], [40, 32], [41, 28], [41, 29], [42, 28], [42, 29], [43, 28], [43, 29], [44, 28], [44, 29], [45, 28], [45, 29], [46, 28], [46, 29]]
Actions [[40, 30, 'FE']]
Realizing [40, 30, 'FE']
[[40, 30], [40, 31], [40, 32], [41, 28], [41, 29], [42, 28], [42, 29], [43, 28], [43, 29], [44, 28], [44, 29], [45, 28], [45, 29], [46, 28], [46, 29]]
Actions [[40, 29, 'LV']]
Realizing [40, 29, 'LV']
[[40, 29], [40, 30], [40, 31], [40, 32], [41, 28], [41, 29], [42, 28], [42, 29], [43, 28], [43, 29], [44, 28], [44, 29], [45, 28], [45, 29], [46, 28], [46, 29]]
Actions [[40, 30, 'FE']]
Realizing [40, 30, 'FE']
[[40, 30], [40, 31], [40, 32], [41, 28], [41, 29], [42, 28], [42, 29], [43, 28], [43, 29], [44, 28], [44, 29], [45, 28], [45, 29], [46, 28], [46, 29]]
Actions [[40, 29, 'LV']]
Realizing [40, 29, 'LV']
[[40, 29], [40, 30], [40, 31], [40, 32], [41, 28], [41, 29], [42, 28], [42, 29], [43, 28], [43, 29], [44, 28], [44, 29], [45, 28], [45, 29], [46, 28], [46, 29]]
Actions [[40, 30, 'FE']]
Realizing [40, 30, 'FE']
[[40, 30], [40, 31], [40, 32], [41, 28], [41, 29], [42, 28], [42, 29], [43, 28], [43, 29], [44, 28], [44, 29], [45, 28], [45, 29], [46, 28], [46, 29]]
Actions [[40, 29, 'LV']]
Realizing [40, 29, 'LV']
[[40, 29], [40, 30], [40, 31], [40, 32], [41, 28], [41, 29], [42, 28], [42, 29], [43, 28], [43, 29], [44, 28], [44, 29], [45, 28], [45, 29], [46, 28], [46, 29]]
Actions [[40, 30, 'FE']]
Realizing [40, 30, 'FE']
[[40, 30], [40, 31], [40, 32], [41, 28], [41, 29], [42, 28], [42, 29], [43, 28], [43, 29], [44, 28], [44, 29], [45, 28], [45, 29], [46, 28], [46, 29]]
Actions [[40, 29, 'LV']]
Realizing [40, 29, 'LV']
[[40, 29], [40, 30], [40, 31], [40, 32], [41, 28], [41, 29], [42, 28], [42, 29], [43, 28], [43, 29], [44, 28], [44, 29], [45, 28], [45, 29], [46, 28], [46, 29]]
Actions [[40, 30, 'FE']]
Realizing [40, 30, 'FE']
[[40, 30], [40, 31], [40, 32], [41, 28], [41, 29], [42, 28], [42, 29], [43, 28], [43, 29], [44, 28], [44, 29], [45, 28], [45, 29], [46, 28], [46, 29]]
Actions [[40, 29, 'LV']]
Realizing [40, 29, 'LV']
[[40, 29], [40, 30], [40, 31], [40, 32], [41, 28], [41, 29], [42, 28], [42, 29], [43, 28], [43, 29], [44, 28], [44, 29], [45, 28], [45, 29], [46, 28], [46, 29]]
Actions [[40, 30, 'FE']]
Realizing [40, 30, 'FE']
[[40, 30], [40, 31], [40, 32], [41, 28], [41, 29], [42, 28], [42, 29], [43, 28], [43, 29], [44, 28], [44, 29], [45, 28], [45, 29], [46, 28], [46, 29]]
Actions [[40, 29, 'LV']]
Realizing [40, 29, 'LV']
[[40, 29], [40, 30], [40, 31], [40, 32], [41, 28], [41, 29], [42, 28], [42, 29], [43, 28], [43, 29], [44, 28], [44, 29], [45, 28], [45, 29], [46, 28], [46, 29]]
Actions [[40, 30, 'FE']]
Realizing [40, 30, 'FE']
[[40, 30], [40, 31], [40, 32], [41, 28], [41, 29], [42, 28], [42, 29], [43, 28], [43, 29], [44, 28], [44, 29], [45, 28], [45, 29], [46, 28], [46, 29]]
Actions [[40, 29, 'LV']]
Realizing [40, 29, 'LV']
[[40, 29], [40, 30], [40, 31], [40, 32], [41, 28], [41, 29], [42, 28], [42, 29], [43, 28], [43, 29], [44, 28], [44, 29], [45, 28], [45, 29], [46, 28], [46, 29]]
Actions [[40, 30, 'FE']]
Realizing [40, 30, 'FE']
[[40, 30], [40, 31], [40, 32], [41, 28], [41, 29], [42, 28], [42, 29], [43, 28], [43, 29], [44, 28], [44, 29], [45, 28], [45, 29], [46, 28], [46, 29]]
Actions [[40, 29, 'LV']]
Realizing [40, 29, 'LV']
[[40, 29], [40, 30], [40, 31], [40, 32], [41, 28], [41, 29], [42, 28], [42, 29], [43, 28], [43, 29], [44, 28], [44, 29], [45, 28], [45, 29], [46, 28], [46, 29]]
Actions [[40, 30, 'FE']]
Realizing [40, 30, 'FE']
[[40, 30], [40, 31], [40, 32], [41, 28], [41, 29], [42, 28], [42, 29], [43, 28], [43, 29], [44, 28], [44, 29], [45, 28], [45, 29], [46, 28], [46, 29]]
Actions [[40, 29, 'LV']]
Realizing [40, 29, 'LV']
[[40, 29], [40, 30], [40, 31], [40, 32], [41, 28], [41, 29], [42, 28], [42, 29], [43, 28], [43, 29], [44, 28], [44, 29], [45, 28], [45, 29], [46, 28], [46, 29]]
Actions [[40, 30, 'FE']]
Realizing [40, 30, 'FE']
[[40, 30], [40, 31], [40, 32], [41, 28], [41, 29], [42, 28], [42, 29], [43, 28], [43, 29], [44, 28], [44, 29], [45, 28], [45, 29], [46, 28], [46, 29]]
Actions [[40, 29, 'LV']]
Realizing [40, 29, 'LV']
[[40, 29], [40, 30], [40, 31], [40, 32], [41, 28], [41, 29], [42, 28], [42, 29], [43, 28], [43, 29], [44, 28], [44, 29], [45, 28], [45, 29], [46, 28], [46, 29]]
Actions [[40, 30, 'FE']]
Realizing [40, 30, 'FE']
[[40, 30], [40, 31], [40, 32], [41, 28], [41, 29], [42, 28], [42, 29], [43, 28], [43, 29], [44, 28], [44, 29], [45, 28], [45, 29], [46, 28], [46, 29]]
Actions [[40, 29, 'LV']]
Realizing [40, 29, 'LV']
[[40, 29], [40, 30], [40, 31], [40, 32], [41, 28], [41, 29], [42, 28], [42, 29], [43, 28], [43, 29], [44, 28], [44, 29], [45, 28], [45, 29], [46, 28], [46, 29]]
Actions [[40, 30, 'FE']]
Realizing [40, 30, 'FE']
[[40, 30], [40, 31], [40, 32], [41, 28], [41, 29], [42, 28], [42, 29], [43, 28], [43, 29], [44, 28], [44, 29], [45, 28], [45, 29], [46, 28], [46, 29]]
Actions [[40, 29, 'LV']]
Realizing [40, 29, 'LV']
[[40, 29], [40, 30], [40, 31], [40, 32], [41, 28], [41, 29], [42, 28], [42, 29], [43, 28], [43, 29], [44, 28], [44, 29], [45, 28], [45, 29], [46, 28], [46, 29]]
Actions [[40, 30, 'FE']]
Realizing [40, 30, 'FE']
[[40, 30], [40, 31], [40, 32], [41, 28], [41, 29], [42, 28], [42, 29], [43, 28], [43, 29], [44, 28], [44, 29], [45, 28], [45, 29], [46, 28], [46, 29]]
Actions [[40, 29, 'LV']]
Realizing [40, 29, 'LV']
[[40, 29], [40, 30], [40, 31], [40, 32], [41, 28], [41, 29], [42, 28], [42, 29], [43, 28], [43, 29], [44, 28], [44, 29], [45, 28], [45, 29], [46, 28], [46, 29]]
Actions [[40, 30, 'FE']]
Realizing [40, 30, 'FE']
[[40, 30], [40, 31], [40, 32], [41, 28], [41, 29], [42, 28], [42, 29], [43, 28], [43, 29], [44, 28], [44, 29], [45, 28], [45, 29], [46, 28], [46, 29]]
Actions [[40, 29, 'LV']]
Realizing [40, 29, 'LV']
[[40, 29], [40, 30], [40, 31], [40, 32], [41, 28], [41, 29], [42, 28], [42, 29], [43, 28], [43, 29], [44, 28], [44, 29], [45, 28], [45, 29], [46, 28], [46, 29]]
Actions [[40, 30, 'FE']]
Realizing [40, 30, 'FE']
[[40, 30], [40, 31], [40, 32], [41, 28], [41, 29], [42, 28], [42, 29], [43, 28], [43, 29], [44, 28], [44, 29], [45, 28], [45, 29], [46, 28], [46, 29]]
Actions [[40, 31, 'BB'], [40, 31, 'BD'], [40, 31, 'BE']]
Realizing [40, 31, 'BB']
[[40, 31], [40, 32], [41, 28], [41, 29], [42, 28], [42, 29], [43, 28], [43, 29], [44, 28], [44, 29], [45, 28], [45, 29], [46, 28], [46, 29]]
Realizing [40, 31, 'BD']
[[40, 31], [40, 32], [41, 28], [41, 29], [42, 28], [42, 29], [43, 28], [43, 29], [44, 28], [44, 29], [45, 28], [45, 29], [46, 28], [46, 29]]
Realizing [40, 31, 'BE']
[[40, 31], [40, 32], [41, 28], [41, 29], [42, 28], [42, 29], [43, 28], [43, 29], [44, 28], [44, 29], [45, 28], [45, 29], [46, 28], [46, 29]]
Actions [[40, 31, 'BE']]
Realizing [40, 31, 'BE']
[[40, 31], [40, 32], [41, 28], [41, 29], [42, 28], [42, 29], [43, 28], [43, 29], [44, 28], [44, 29], [45, 28], [45, 29], [46, 28], [46, 29]]
Actions [[40, 31, 'BE']]
Realizing [40, 31, 'BE']
[[40, 31], [40, 32], [41, 28], [41, 29], [42, 28], [42, 29], [43, 28], [43, 29], [44, 28], [44, 29], [45, 28], [45, 29], [46, 28], [46, 29]]
Actions [[40, 31, 'BE']]
Realizing [40, 31, 'BE']
[[40, 31], [40, 32], [41, 28], [41, 29], [42, 28], [42, 29], [43, 28], [43, 29], [44, 28], [44, 29], [45, 28], [45, 29], [46, 28], [46, 29]]
Actions [[40, 31, 'BE']]
Realizing [40, 31, 'BE']
[[40, 31], [40, 32], [41, 28], [41, 29], [42, 28], [42, 29], [43, 28], [43, 29], [44, 28], [44, 29], [45, 28], [45, 29], [46, 28], [46, 29]]
Actions [[40, 31, 'BE']]
Realizing [40, 31, 'BE']
[[40, 31], [40, 32], [41, 28], [41, 29], [42, 28], [42, 29], [43, 28], [43, 29], [44, 28], [44, 29], [45, 28], [45, 29], [46, 28], [46, 29]]
Actions [[40, 31, 'BE']]
Realizing [40, 31, 'BE']
[[40, 31], [40, 32], [41, 28], [41, 29], [42, 28], [42, 29], [43, 28], [43, 29], [44, 28], [44, 29], [45, 28], [45, 29], [46, 28], [46, 29]]
Actions [[40, 31, 'BE']]
Realizing [40, 31, 'BE']
[[40, 31], [40, 32], [41, 28], [41, 29], [42, 28], [42, 29], [43, 28], [43, 29], [44, 28], [44, 29], [45, 28], [45, 29], [46, 28], [46, 29]]
Actions [[40, 31, 'BE']]
Realizing [40, 31, 'BE']
[[40, 31], [40, 32], [41, 28], [41, 29], [42, 28], [42, 29], [43, 28], [43, 29], [44, 28], [44, 29], [45, 28], [45, 29], [46, 28], [46, 29]]
Actions [[40, 31, 'BE']]
Realizing [40, 31, 'BE']
[[40, 31], [40, 32], [41, 28], [41, 29], [42, 28], [42, 29], [43, 28], [43, 29], [44, 28], [44, 29], [45, 28], [45, 29], [46, 28], [46, 29]]
Actions [[40, 31, 'BE']]
Realizing [40, 31, 'BE']
[[40, 31], [40, 32], [41, 28], [41, 29], [42, 28], [42, 29], [43, 28], [43, 29], [44, 28], [44, 29], [45, 28], [45, 29], [46, 28], [46, 29]]
Actions [[40, 31, 'BE']]
Realizing [40, 31, 'BE']
[[40, 31], [40, 32], [41, 28], [41, 29], [42, 28], [42, 29], [43, 28], [43, 29], [44, 28], [44, 29], [45, 28], [45, 29], [46, 28], [46, 29]]
Actions [[40, 31, 'BE']]
Realizing [40, 31, 'BE']
[[40, 31], [40, 32], [41, 28], [41, 29], [42, 28], [42, 29], [43, 28], [43, 29], [44, 28], [44, 29], [45, 28], [45, 29], [46, 28], [46, 29]]
Actions [[40, 31, 'BE']]
Realizing [40, 31, 'BE']
[[40, 31], [40, 32], [41, 28], [41, 29], [42, 28], [42, 29], [43, 28], [43, 29], [44, 28], [44, 29], [45, 28], [45, 29], [46, 28], [46, 29]]
Actions [[40, 31, 'BE']]
Realizing [40, 31, 'BE']
[[40, 31], [40, 32], [41, 28], [41, 29], [42, 28], [42, 29], [43, 28], [43, 29], [44, 28], [44, 29], [45, 28], [45, 29], [46, 28], [46, 29]]
Actions [[40, 31, 'BE']]
Realizing [40, 31, 'BE']
[[40, 31], [40, 32], [41, 28], [41, 29], [42, 28], [42, 29], [43, 28], [43, 29], [44, 28], [44, 29], [45, 28], [45, 29], [46, 28], [46, 29]]
Actions [[40, 31, 'BE']]
Realizing [40, 31, 'BE']
[[40, 31], [40, 32], [41, 28], [41, 29], [42, 28], [42, 29], [43, 28], [43, 29], [44, 28], [44, 29], [45, 28], [45, 29], [46, 28], [46, 29]]
Actions [[40, 31, 'BE']]
Realizing [40, 31, 'BE']
[[40, 31], [40, 32], [41, 28], [41, 29], [42, 28], [42, 29], [43, 28], [43, 29], [44, 28], [44, 29], [45, 28], [45, 29], [46, 28], [46, 29]]
Actions [[40, 31, 'BE']]
Realizing [40, 31, 'BE']
[[40, 31], [40, 32], [41, 28], [41, 29], [42, 28], [42, 29], [43, 28], [43, 29], [44, 28], [44, 29], [45, 28], [45, 29], [46, 28], [46, 29]]
Actions [[40, 31, 'BE']]
Realizing [40, 31, 'BE']
[[40, 31], [40, 32], [41, 28], [41, 29], [42, 28], [42, 29], [43, 28], [43, 29], [44, 28], [44, 29], [45, 28], [45, 29], [46, 28], [46, 29]]
Actions [[40, 31, 'BE']]
Realizing [40, 31, 'BE']
[[40, 31], [40, 32], [41, 28], [41, 29], [42, 28], [42, 29], [43, 28], [43, 29], [44, 28], [44, 29], [45, 28], [45, 29], [46, 28], [46, 29]]
Actions [[40, 31, 'BE']]
Realizing [40, 31, 'BE']
[[40, 31], [40, 32], [41, 28], [41, 29], [42, 28], [42, 29], [43, 28], [43, 29], [44, 28], [44, 29], [45, 28], [45, 29], [46, 28], [46, 29]]
Actions [[40, 31, 'BE']]
Realizing [40, 31, 'BE']
[[40, 31], [40, 32], [41, 28], [41, 29], [42, 28], [42, 29], [43, 28], [43, 29], [44, 28], [44, 29], [45, 28], [45, 29], [46, 28], [46, 29]]
Actions [[40, 31, 'BE']]
Realizing [40, 31, 'BE']
[[40, 31], [40, 32], [41, 28], [41, 29], [42, 28], [42, 29], [43, 28], [43, 29], [44, 28], [44, 29], [45, 28], [45, 29], [46, 28], [46, 29]]
Actions [[40, 31, 'BE']]
Realizing [40, 31, 'BE']
[[40, 31], [40, 32], [41, 28], [41, 29], [42, 28], [42, 29], [43, 28], [43, 29], [44, 28], [44, 29], [45, 28], [45, 29], [46, 28], [46, 29]]
Actions [[40, 31, 'BE']]
Realizing [40, 31, 'BE']
[[40, 31], [40, 32], [41, 28], [41, 29], [42, 28], [42, 29], [43, 28], [43, 29], [44, 28], [44, 29], [45, 28], [45, 29], [46, 28], [46, 29]]
Actions [[40, 31, 'BE']]
Realizing [40, 31, 'BE']
[[40, 31], [40, 32], [41, 28], [41, 29], [42, 28], [42, 29], [43, 28], [43, 29], [44, 28], [44, 29], [45, 28], [45, 29], [46, 28], [46, 29]]
Actions [[40, 31, 'BE']]
Realizing [40, 31, 'BE']
[[40, 31], [40, 32], [41, 28], [41, 29], [42, 28], [42, 29], [43, 28], [43, 29], [44, 28], [44, 29], [45, 28], [45, 29], [46, 28], [46, 29]]
Actions [[40, 31, 'BE']]
Realizing [40, 31, 'BE']
[[40, 31], [40, 32], [41, 28], [41, 29], [42, 28], [42, 29], [43, 28], [43, 29], [44, 28], [44, 29], [45, 28], [45, 29], [46, 28], [46, 29]]
Actions [[40, 31, 'BE']]
Realizing [40, 31, 'BE']
[[40, 31], [40, 32], [41, 28], [41, 29], [42, 28], [42, 29], [43, 28], [43, 29], [44, 28], [44, 29], [45, 28], [45, 29], [46, 28], [46, 29]]
Actions [[40, 31, 'BE']]
Realizing [40, 31, 'BE']
[[40, 31], [40, 32], [41, 28], [41, 29], [42, 28], [42, 29], [43, 28], [43, 29], [44, 28], [44, 29], [45, 28], [45, 29], [46, 28], [46, 29]]
Actions [[40, 31, 'BE']]
Realizing [40, 31, 'BE']
[[40, 31], [40, 32], [41, 28], [41, 29], [42, 28], [42, 29], [43, 28], [43, 29], [44, 28], [44, 29], [45, 28], [45, 29], [46, 28], [46, 29]]
Actions [[40, 31, 'BE']]
Realizing [40, 31, 'BE']
[[40, 31], [40, 32], [41, 28], [41, 29], [42, 28], [42, 29], [43, 28], [43, 29], [44, 28], [44, 29], [45, 28], [45, 29], [46, 28], [46, 29]]
Actions [[40, 31, 'BE']]
Realizing [40, 31, 'BE']
[[40, 31], [40, 32], [41, 28], [41, 29], [42, 28], [42, 29], [43, 28], [43, 29], [44, 28], [44, 29], [45, 28], [45, 29], [46, 28], [46, 29]]
Actions [[40, 31, 'BE']]
Realizing [40, 31, 'BE']
[[40, 31], [40, 32], [41, 28], [41, 29], [42, 28], [42, 29], [43, 28], [43, 29], [44, 28], [44, 29], [45, 28], [45, 29], [46, 28], [46, 29]]
Actions [[40, 31, 'BE']]
Realizing [40, 31, 'BE']
[[40, 31], [40, 32], [41, 28], [41, 29], [42, 28], [42, 29], [43, 28], [43, 29], [44, 28], [44, 29], [45, 28], [45, 29], [46, 28], [46, 29]]
Actions [[40, 31, 'BE']]
Realizing [40, 31, 'BE']
[[40, 31], [40, 32], [41, 28], [41, 29], [42, 28], [42, 29], [43, 28], [43, 29], [44, 28], [44, 29], [45, 28], [45, 29], [46, 28], [46, 29]]
Actions [[40, 31, 'BE']]
Realizing [40, 31, 'BE']
[[40, 31], [40, 32], [41, 28], [41, 29], [42, 28], [42, 29], [43, 28], [43, 29], [44, 28], [44, 29], [45, 28], [45, 29], [46, 28], [46, 29]]
Actions [[40, 31, 'BE']]
Realizing [40, 31, 'BE']
[[40, 31], [40, 32], [41, 28], [41, 29], [42, 28], [42, 29], [43, 28], [43, 29], [44, 28], [44, 29], [45, 28], [45, 29], [46, 28], [46, 29]]
Actions [[40, 31, 'BE']]
Realizing [40, 31, 'BE']
[[40, 31], [40, 32], [41, 28], [41, 29], [42, 28], [42, 29], [43, 28], [43, 29], [44, 28], [44, 29], [45, 28], [45, 29], [46, 28], [46, 29]]
Actions [[40, 31, 'BE']]
Realizing [40, 31, 'BE']
[[40, 31], [40, 32], [41, 28], [41, 29], [42, 28], [42, 29], [43, 28], [43, 29], [44, 28], [44, 29], [45, 28], [45, 29], [46, 28], [46, 29]]
Actions [[40, 31, 'BE']]
Realizing [40, 31, 'BE']
[[40, 31], [40, 32], [41, 28], [41, 29], [42, 28], [42, 29], [43, 28], [43, 29], [44, 28], [44, 29], [45, 28], [45, 29], [46, 28], [46, 29]]
Actions [[40, 31, 'BE']]
Realizing [40, 31, 'BE']
[[40, 31], [40, 32], [41, 28], [41, 29], [42, 28], [42, 29], [43, 28], [43, 29], [44, 28], [44, 29], [45, 28], [45, 29], [46, 28], [46, 29]]
Actions [[40, 31, 'BE']]
Realizing [40, 31, 'BE']
[[40, 31], [40, 32], [41, 28], [41, 29], [42, 28], [42, 29], [43, 28], [43, 29], [44, 28], [44, 29], [45, 28], [45, 29], [46, 28], [46, 29]]
Actions [[40, 31, 'BE']]
Realizing [40, 31, 'BE']
[[40, 31], [40, 32], [41, 28], [41, 29], [42, 28], [42, 29], [43, 28], [43, 29], [44, 28], [44, 29], [45, 28], [45, 29], [46, 28], [46, 29]]
Actions [[40, 31, 'BE']]
Realizing [40, 31, 'BE']
[[40, 31], [40, 32], [41, 28], [41, 29], [42, 28], [42, 29], [43, 28], [43, 29], [44, 28], [44, 29], [45, 28], [45, 29], [46, 28], [46, 29]]
Actions [[40, 31, 'BE']]
Realizing [40, 31, 'BE']
[[40, 31], [40, 32], [41, 28], [41, 29], [42, 28], [42, 29], [43, 28], [43, 29], [44, 28], [44, 29], [45, 28], [45, 29], [46, 28], [46, 29]]
Actions [[40, 31, 'BE']]
Realizing [40, 31, 'BE']
[[40, 31], [40, 32], [41, 28], [41, 29], [42, 28], [42, 29], [43, 28], [43, 29], [44, 28], [44, 29], [45, 28], [45, 29], [46, 28], [46, 29]]
Actions [[40, 32, 'FC'], [40, 32, 'FE']]
Realizing [40, 32, 'FC']
[[40, 32], [41, 28], [41, 29], [42, 28], [42, 29], [43, 28], [43, 29], [44, 28], [44, 29], [45, 28], [45, 29], [46, 28], [46, 29]]
Realizing [40, 32, 'FE']
[[40, 32], [41, 28], [41, 29], [42, 28], [42, 29], [43, 28], [43, 29], [44, 28], [44, 29], [45, 28], [45, 29], [46, 28], [46, 29]]
Actions [[40, 32, 'FE']]
Realizing [40, 32, 'FE']
[[40, 32], [41, 28], [41, 29], [42, 28], [42, 29], [43, 28], [43, 29], [44, 28], [44, 29], [45, 28], [45, 29], [46, 28], [46, 29]]
Actions [[40, 32, 'FE']]
Realizing [40, 32, 'FE']
[[40, 32], [41, 28], [41, 29], [42, 28], [42, 29], [43, 28], [43, 29], [44, 28], [44, 29], [45, 28], [45, 29], [46, 28], [46, 29]]
Actions [[40, 32, 'FE']]
Realizing [40, 32, 'FE']
[[40, 32], [41, 28], [41, 29], [42, 28], [42, 29], [43, 28], [43, 29], [44, 28], [44, 29], [45, 28], [45, 29], [46, 28], [46, 29]]
Actions [[40, 32, 'FE']]
Realizing [40, 32, 'FE']
[[40, 32], [41, 28], [41, 29], [42, 28], [42, 29], [43, 28], [43, 29], [44, 28], [44, 29], [45, 28], [45, 29], [46, 28], [46, 29]]
Actions [[40, 32, 'FE']]
Realizing [40, 32, 'FE']
[[40, 32], [41, 28], [41, 29], [42, 28], [42, 29], [43, 28], [43, 29], [44, 28], [44, 29], [45, 28], [45, 29], [46, 28], [46, 29]]
Actions [[40, 32, 'FE']]
Realizing [40, 32, 'FE']
[[40, 32], [41, 28], [41, 29], [42, 28], [42, 29], [43, 28], [43, 29], [44, 28], [44, 29], [45, 28], [45, 29], [46, 28], [46, 29]]
Actions [[40, 32, 'FE']]
Realizing [40, 32, 'FE']
[[40, 32], [41, 28], [41, 29], [42, 28], [42, 29], [43, 28], [43, 29], [44, 28], [44, 29], [45, 28], [45, 29], [46, 28], [46, 29]]
Actions [[40, 32, 'FE']]
Realizing [40, 32, 'FE']
[[40, 32], [41, 28], [41, 29], [42, 28], [42, 29], [43, 28], [43, 29], [44, 28], [44, 29], [45, 28], [45, 29], [46, 28], [46, 29]]
Actions [[40, 32, 'FE']]
Realizing [40, 32, 'FE']
[[40, 32], [41, 28], [41, 29], [42, 28], [42, 29], [43, 28], [43, 29], [44, 28], [44, 29], [45, 28], [45, 29], [46, 28], [46, 29]]
Actions [[40, 32, 'FE']]
Realizing [40, 32, 'FE']
[[40, 32], [41, 28], [41, 29], [42, 28], [42, 29], [43, 28], [43, 29], [44, 28], [44, 29], [45, 28], [45, 29], [46, 28], [46, 29]]
Actions [[40, 32, 'FE']]
Realizing [40, 32, 'FE']
[[40, 32], [41, 28], [41, 29], [42, 28], [42, 29], [43, 28], [43, 29], [44, 28], [44, 29], [45, 28], [45, 29], [46, 28], [46, 29]]
Actions [[40, 32, 'FE']]
Realizing [40, 32, 'FE']
[[40, 32], [41, 28], [41, 29], [42, 28], [42, 29], [43, 28], [43, 29], [44, 28], [44, 29], [45, 28], [45, 29], [46, 28], [46, 29]]
Actions [[40, 32, 'FE']]
Realizing [40, 32, 'FE']
[[40, 32], [41, 28], [41, 29], [42, 28], [42, 29], [43, 28], [43, 29], [44, 28], [44, 29], [45, 28], [45, 29], [46, 28], [46, 29]]
Actions [[40, 32, 'FE']]
Realizing [40, 32, 'FE']
[[40, 32], [41, 28], [41, 29], [42, 28], [42, 29], [43, 28], [43, 29], [44, 28], [44, 29], [45, 28], [45, 29], [46, 28], [46, 29]]
Actions [[40, 32, 'FE']]
Realizing [40, 32, 'FE']
[[40, 32], [41, 28], [41, 29], [42, 28], [42, 29], [43, 28], [43, 29], [44, 28], [44, 29], [45, 28], [45, 29], [46, 28], [46, 29]]
Actions [[40, 32, 'FE']]
Realizing [40, 32, 'FE']
[[40, 32], [41, 28], [41, 29], [42, 28], [42, 29], [43, 28], [43, 29], [44, 28], [44, 29], [45, 28], [45, 29], [46, 28], [46, 29]]
Actions [[40, 32, 'FE']]
Realizing [40, 32, 'FE']
[[40, 32], [41, 28], [41, 29], [42, 28], [42, 29], [43, 28], [43, 29], [44, 28], [44, 29], [45, 28], [45, 29], [46, 28], [46, 29]]
Actions [[40, 32, 'FE']]
Realizing [40, 32, 'FE']
[[40, 32], [41, 28], [41, 29], [42, 28], [42, 29], [43, 28], [43, 29], [44, 28], [44, 29], [45, 28], [45, 29], [46, 28], [46, 29]]
Actions [[40, 32, 'FE']]
Realizing [40, 32, 'FE']
[[40, 32], [41, 28], [41, 29], [42, 28], [42, 29], [43, 28], [43, 29], [44, 28], [44, 29], [45, 28], [45, 29], [46, 28], [46, 29]]
Actions [[40, 32, 'FE']]
Realizing [40, 32, 'FE']
[[40, 32], [41, 28], [41, 29], [42, 28], [42, 29], [43, 28], [43, 29], [44, 28], [44, 29], [45, 28], [45, 29], [46, 28], [46, 29]]
Actions [[40, 32, 'FE']]
Realizing [40, 32, 'FE']
[[40, 32], [41, 28], [41, 29], [42, 28], [42, 29], [43, 28], [43, 29], [44, 28], [44, 29], [45, 28], [45, 29], [46, 28], [46, 29]]
Actions [[40, 32, 'FE']]
Realizing [40, 32, 'FE']
[[40, 32], [41, 28], [41, 29], [42, 28], [42, 29], [43, 28], [43, 29], [44, 28], [44, 29], [45, 28], [45, 29], [46, 28], [46, 29]]
Actions [[40, 32, 'FE']]
Realizing [40, 32, 'FE']
[[40, 32], [41, 28], [41, 29], [42, 28], [42, 29], [43, 28], [43, 29], [44, 28], [44, 29], [45, 28], [45, 29], [46, 28], [46, 29]]
Actions [[40, 32, 'FE']]
Realizing [40, 32, 'FE']
[[40, 32], [41, 28], [41, 29], [42, 28], [42, 29], [43, 28], [43, 29], [44, 28], [44, 29], [45, 28], [45, 29], [46, 28], [46, 29]]
Actions [[40, 32, 'FE']]
Realizing [40, 32, 'FE']
[[40, 32], [41, 28], [41, 29], [42, 28], [42, 29], [43, 28], [43, 29], [44, 28], [44, 29], [45, 28], [45, 29], [46, 28], [46, 29]]
Actions [[40, 32, 'FE']]
Realizing [40, 32, 'FE']
[[40, 32], [41, 28], [41, 29], [42, 28], [42, 29], [43, 28], [43, 29], [44, 28], [44, 29], [45, 28], [45, 29], [46, 28], [46, 29]]
Actions [[40, 32, 'FE']]
Realizing [40, 32, 'FE']
[[40, 32], [41, 28], [41, 29], [42, 28], [42, 29], [43, 28], [43, 29], [44, 28], [44, 29], [45, 28], [45, 29], [46, 28], [46, 29]]
Actions [[40, 32, 'FE']]
Realizing [40, 32, 'FE']
[[40, 32], [41, 28], [41, 29], [42, 28], [42, 29], [43, 28], [43, 29], [44, 28], [44, 29], [45, 28], [45, 29], [46, 28], [46, 29]]
Actions [[40, 32, 'FE']]
Realizing [40, 32, 'FE']
[[40, 32], [41, 28], [41, 29], [42, 28], [42, 29], [43, 28], [43, 29], [44, 28], [44, 29], [45, 28], [45, 29], [46, 28], [46, 29]]
Actions [[40, 32, 'FE']]
Realizing [40, 32, 'FE']
[[40, 32], [41, 28], [41, 29], [42, 28], [42, 29], [43, 28], [43, 29], [44, 28], [44, 29], [45, 28], [45, 29], [46, 28], [46, 29]]
Actions [[40, 32, 'FE']]
Realizing [40, 32, 'FE']
[[40, 32], [41, 28], [41, 29], [42, 28], [42, 29], [43, 28], [43, 29], [44, 28], [44, 29], [45, 28], [45, 29], [46, 28], [46, 29]]
Actions [[40, 32, 'FE']]
Realizing [40, 32, 'FE']
[[40, 32], [41, 28], [41, 29], [42, 28], [42, 29], [43, 28], [43, 29], [44, 28], [44, 29], [45, 28], [45, 29], [46, 28], [46, 29]]
Actions [[40, 32, 'FE']]
Realizing [40, 32, 'FE']
[[40, 32], [41, 28], [41, 29], [42, 28], [42, 29], [43, 28], [43, 29], [44, 28], [44, 29], [45, 28], [45, 29], [46, 28], [46, 29]]
Actions [[40, 32, 'FE']]
Realizing [40, 32, 'FE']
[[40, 32], [41, 28], [41, 29], [42, 28], [42, 29], [43, 28], [43, 29], [44, 28], [44, 29], [45, 28], [45, 29], [46, 28], [46, 29]]
Actions [[40, 32, 'FE']]
Realizing [40, 32, 'FE']
[[40, 32], [41, 28], [41, 29], [42, 28], [42, 29], [43, 28], [43, 29], [44, 28], [44, 29], [45, 28], [45, 29], [46, 28], [46, 29]]
Actions [[40, 32, 'FE']]
Realizing [40, 32, 'FE']
[[40, 32], [41, 28], [41, 29], [42, 28], [42, 29], [43, 28], [43, 29], [44, 28], [44, 29], [45, 28], [45, 29], [46, 28], [46, 29]]
Actions [[40, 32, 'FE']]
Realizing [40, 32, 'FE']
[[40, 32], [41, 28], [41, 29], [42, 28], [42, 29], [43, 28], [43, 29], [44, 28], [44, 29], [45, 28], [45, 29], [46, 28], [46, 29]]
Actions [[40, 32, 'FE']]
Realizing [40, 32, 'FE']
[[40, 32], [41, 28], [41, 29], [42, 28], [42, 29], [43, 28], [43, 29], [44, 28], [44, 29], [45, 28], [45, 29], [46, 28], [46, 29]]
Actions [[40, 32, 'FE']]
Realizing [40, 32, 'FE']
[[40, 32], [41, 28], [41, 29], [42, 28], [42, 29], [43, 28], [43, 29], [44, 28], [44, 29], [45, 28], [45, 29], [46, 28], [46, 29]]
Actions [[40, 32, 'FE']]
Realizing [40, 32, 'FE']
[[40, 32], [41, 28], [41, 29], [42, 28], [42, 29], [43, 28], [43, 29], [44, 28], [44, 29], [45, 28], [45, 29], [46, 28], [46, 29]]
Actions [[40, 32, 'FE']]
Realizing [40, 32, 'FE']
[[40, 32], [41, 28], [41, 29], [42, 28], [42, 29], [43, 28], [43, 29], [44, 28], [44, 29], [45, 28], [45, 29], [46, 28], [46, 29]]
Actions [[40, 32, 'FE']]
Realizing [40, 32, 'FE']
[[40, 32], [41, 28], [41, 29], [42, 28], [42, 29], [43, 28], [43, 29], [44, 28], [44, 29], [45, 28], [45, 29], [46, 28], [46, 29]]
Actions [[40, 32, 'FE']]
Realizing [40, 32, 'FE']
[[40, 32], [41, 28], [41, 29], [42, 28], [42, 29], [43, 28], [43, 29], [44, 28], [44, 29], [45, 28], [45, 29], [46, 28], [46, 29]]
Actions [[40, 32, 'FE']]
Realizing [40, 32, 'FE']
[[40, 32], [41, 28], [41, 29], [42, 28], [42, 29], [43, 28], [43, 29], [44, 28], [44, 29], [45, 28], [45, 29], [46, 28], [46, 29]]
Actions [[40, 32, 'FE']]
Realizing [40, 32, 'FE']
[[40, 32], [41, 28], [41, 29], [42, 28], [42, 29], [43, 28], [43, 29], [44, 28], [44, 29], [45, 28], [45, 29], [46, 28], [46, 29]]
Actions [[40, 32, 'FE']]
Realizing [40, 32, 'FE']
[[40, 32], [41, 28], [41, 29], [42, 28], [42, 29], [43, 28], [43, 29], [44, 28], [44, 29], [45, 28], [45, 29], [46, 28], [46, 29]]
Actions [[40, 32, 'FE']]
Realizing [40, 32, 'FE']
[[40, 32], [41, 28], [41, 29], [42, 28], [42, 29], [43, 28], [43, 29], [44, 28], [44, 29], [45, 28], [45, 29], [46, 28], [46, 29]]
Actions [[40, 32, 'FE']]
Realizing [40, 32, 'FE']
[[40, 32], [41, 28], [41, 29], [42, 28], [42, 29], [43, 28], [43, 29], [44, 28], [44, 29], [45, 28], [45, 29], [46, 28], [46, 29]]
Actions [[40, 32, 'FE']]
Realizing [40, 32, 'FE']
[[40, 32], [41, 28], [41, 29], [42, 28], [42, 29], [43, 28], [43, 29], [44, 28], [44, 29], [45, 28], [45, 29], [46, 28], [46, 29]]
Actions [[41, 28, 'VC'], [41, 28, 'VE']]
Realizing [41, 28, 'VC']
[[41, 28], [41, 29], [42, 28], [42, 29], [43, 28], [43, 29], [44, 28], [44, 29], [45, 28], [45, 29], [46, 28], [46, 29]]
Realizing [41, 28, 'VE']
[[41, 28], [41, 29], [42, 28], [42, 29], [43, 28], [43, 29], [44, 28], [44, 29], [45, 28], [45, 29], [46, 28], [46, 29]]
Actions [[41, 28, 'VE']]
Realizing [41, 28, 'VE']
[[41, 28], [41, 29], [42, 28], [42, 29], [43, 28], [43, 29], [44, 28], [44, 29], [45, 28], [45, 29], [46, 28], [46, 29]]
Actions [[41, 28, 'VE']]
Realizing [41, 28, 'VE']
[[41, 28], [41, 29], [42, 28], [42, 29], [43, 28], [43, 29], [44, 28], [44, 29], [45, 28], [45, 29], [46, 28], [46, 29]]
Actions [[41, 28, 'VE']]
Realizing [41, 28, 'VE']
[[41, 28], [41, 29], [42, 28], [42, 29], [43, 28], [43, 29], [44, 28], [44, 29], [45, 28], [45, 29], [46, 28], [46, 29]]
Actions [[41, 28, 'VE']]
Realizing [41, 28, 'VE']
[[41, 28], [41, 29], [42, 28], [42, 29], [43, 28], [43, 29], [44, 28], [44, 29], [45, 28], [45, 29], [46, 28], [46, 29]]
Actions [[41, 28, 'VE']]
Realizing [41, 28, 'VE']
[[41, 28], [41, 29], [42, 28], [42, 29], [43, 28], [43, 29], [44, 28], [44, 29], [45, 28], [45, 29], [46, 28], [46, 29]]
Actions [[41, 28, 'VE']]
Realizing [41, 28, 'VE']
[[41, 28], [41, 29], [42, 28], [42, 29], [43, 28], [43, 29], [44, 28], [44, 29], [45, 28], [45, 29], [46, 28], [46, 29]]
Actions [[41, 28, 'VE']]
Realizing [41, 28, 'VE']
[[41, 28], [41, 29], [42, 28], [42, 29], [43, 28], [43, 29], [44, 28], [44, 29], [45, 28], [45, 29], [46, 28], [46, 29]]
Actions [[41, 28, 'VE']]
Realizing [41, 28, 'VE']
[[41, 28], [41, 29], [42, 28], [42, 29], [43, 28], [43, 29], [44, 28], [44, 29], [45, 28], [45, 29], [46, 28], [46, 29]]
Actions [[41, 28, 'VE']]
Realizing [41, 28, 'VE']
[[41, 28], [41, 29], [42, 28], [42, 29], [43, 28], [43, 29], [44, 28], [44, 29], [45, 28], [45, 29], [46, 28], [46, 29]]
Actions [[41, 28, 'VE']]
Realizing [41, 28, 'VE']
[[41, 28], [41, 29], [42, 28], [42, 29], [43, 28], [43, 29], [44, 28], [44, 29], [45, 28], [45, 29], [46, 28], [46, 29]]
Actions [[41, 28, 'VE']]
Realizing [41, 28, 'VE']
[[41, 28], [41, 29], [42, 28], [42, 29], [43, 28], [43, 29], [44, 28], [44, 29], [45, 28], [45, 29], [46, 28], [46, 29]]
Actions [[41, 28, 'VE']]
Realizing [41, 28, 'VE']
[[41, 28], [41, 29], [42, 28], [42, 29], [43, 28], [43, 29], [44, 28], [44, 29], [45, 28], [45, 29], [46, 28], [46, 29]]
Actions [[41, 28, 'VE']]
Realizing [41, 28, 'VE']
[[41, 28], [41, 29], [42, 28], [42, 29], [43, 28], [43, 29], [44, 28], [44, 29], [45, 28], [45, 29], [46, 28], [46, 29]]
Actions [[41, 28, 'VE']]
Realizing [41, 28, 'VE']
[[41, 28], [41, 29], [42, 28], [42, 29], [43, 28], [43, 29], [44, 28], [44, 29], [45, 28], [45, 29], [46, 28], [46, 29]]
Actions [[41, 28, 'VE']]
Realizing [41, 28, 'VE']
[[41, 28], [41, 29], [42, 28], [42, 29], [43, 28], [43, 29], [44, 28], [44, 29], [45, 28], [45, 29], [46, 28], [46, 29]]
Actions [[41, 28, 'VE']]
Realizing [41, 28, 'VE']
[[41, 28], [41, 29], [42, 28], [42, 29], [43, 28], [43, 29], [44, 28], [44, 29], [45, 28], [45, 29], [46, 28], [46, 29]]
Actions [[41, 28, 'VE']]
Realizing [41, 28, 'VE']
[[41, 28], [41, 29], [42, 28], [42, 29], [43, 28], [43, 29], [44, 28], [44, 29], [45, 28], [45, 29], [46, 28], [46, 29]]
Actions [[41, 28, 'VE']]
Realizing [41, 28, 'VE']
[[41, 28], [41, 29], [42, 28], [42, 29], [43, 28], [43, 29], [44, 28], [44, 29], [45, 28], [45, 29], [46, 28], [46, 29]]
Actions [[41, 28, 'VE']]
Realizing [41, 28, 'VE']
[[41, 28], [41, 29], [42, 28], [42, 29], [43, 28], [43, 29], [44, 28], [44, 29], [45, 28], [45, 29], [46, 28], [46, 29]]
Actions [[41, 28, 'VE']]
Realizing [41, 28, 'VE']
[[41, 28], [41, 29], [42, 28], [42, 29], [43, 28], [43, 29], [44, 28], [44, 29], [45, 28], [45, 29], [46, 28], [46, 29]]
Actions [[41, 28, 'VE']]
Realizing [41, 28, 'VE']
[[41, 28], [41, 29], [42, 28], [42, 29], [43, 28], [43, 29], [44, 28], [44, 29], [45, 28], [45, 29], [46, 28], [46, 29]]
Actions [[41, 28, 'VE']]
Realizing [41, 28, 'VE']
[[41, 28], [41, 29], [42, 28], [42, 29], [43, 28], [43, 29], [44, 28], [44, 29], [45, 28], [45, 29], [46, 28], [46, 29]]
Actions [[41, 28, 'VE']]
Realizing [41, 28, 'VE']
[[41, 28], [41, 29], [42, 28], [42, 29], [43, 28], [43, 29], [44, 28], [44, 29], [45, 28], [45, 29], [46, 28], [46, 29]]
Actions [[41, 28, 'VE']]
Realizing [41, 28, 'VE']
[[41, 28], [41, 29], [42, 28], [42, 29], [43, 28], [43, 29], [44, 28], [44, 29], [45, 28], [45, 29], [46, 28], [46, 29]]
Actions [[41, 28, 'VE']]
Realizing [41, 28, 'VE']
[[41, 28], [41, 29], [42, 28], [42, 29], [43, 28], [43, 29], [44, 28], [44, 29], [45, 28], [45, 29], [46, 28], [46, 29]]
Actions [[41, 28, 'VE']]
Realizing [41, 28, 'VE']
[[41, 28], [41, 29], [42, 28], [42, 29], [43, 28], [43, 29], [44, 28], [44, 29], [45, 28], [45, 29], [46, 28], [46, 29]]
Actions [[41, 28, 'VE']]
Realizing [41, 28, 'VE']
[[41, 28], [41, 29], [42, 28], [42, 29], [43, 28], [43, 29], [44, 28], [44, 29], [45, 28], [45, 29], [46, 28], [46, 29]]
Actions [[41, 28, 'VE']]
Realizing [41, 28, 'VE']
[[41, 28], [41, 29], [42, 28], [42, 29], [43, 28], [43, 29], [44, 28], [44, 29], [45, 28], [45, 29], [46, 28], [46, 29]]
Actions [[41, 28, 'VE']]
Realizing [41, 28, 'VE']
[[41, 28], [41, 29], [42, 28], [42, 29], [43, 28], [43, 29], [44, 28], [44, 29], [45, 28], [45, 29], [46, 28], [46, 29]]
Actions [[41, 28, 'VE']]
Realizing [41, 28, 'VE']
[[41, 28], [41, 29], [42, 28], [42, 29], [43, 28], [43, 29], [44, 28], [44, 29], [45, 28], [45, 29], [46, 28], [46, 29]]
Actions [[41, 28, 'VE']]
Realizing [41, 28, 'VE']
[[41, 28], [41, 29], [42, 28], [42, 29], [43, 28], [43, 29], [44, 28], [44, 29], [45, 28], [45, 29], [46, 28], [46, 29]]
Actions [[41, 28, 'VE']]
Realizing [41, 28, 'VE']
[[41, 28], [41, 29], [42, 28], [42, 29], [43, 28], [43, 29], [44, 28], [44, 29], [45, 28], [45, 29], [46, 28], [46, 29]]
Actions [[41, 28, 'VE']]
Realizing [41, 28, 'VE']
[[41, 28], [41, 29], [42, 28], [42, 29], [43, 28], [43, 29], [44, 28], [44, 29], [45, 28], [45, 29], [46, 28], [46, 29]]
Actions [[41, 28, 'VE']]
Realizing [41, 28, 'VE']
[[41, 28], [41, 29], [42, 28], [42, 29], [43, 28], [43, 29], [44, 28], [44, 29], [45, 28], [45, 29], [46, 28], [46, 29]]
Actions [[41, 28, 'VE']]
Realizing [41, 28, 'VE']
[[41, 28], [41, 29], [42, 28], [42, 29], [43, 28], [43, 29], [44, 28], [44, 29], [45, 28], [45, 29], [46, 28], [46, 29]]
Actions [[41, 28, 'VE']]
Realizing [41, 28, 'VE']
[[41, 28], [41, 29], [42, 28], [42, 29], [43, 28], [43, 29], [44, 28], [44, 29], [45, 28], [45, 29], [46, 28], [46, 29]]
Actions [[41, 28, 'VE']]
Realizing [41, 28, 'VE']
[[41, 28], [41, 29], [42, 28], [42, 29], [43, 28], [43, 29], [44, 28], [44, 29], [45, 28], [45, 29], [46, 28], [46, 29]]
Actions [[41, 28, 'VE']]
Realizing [41, 28, 'VE']
[[41, 28], [41, 29], [42, 28], [42, 29], [43, 28], [43, 29], [44, 28], [44, 29], [45, 28], [45, 29], [46, 28], [46, 29]]
Actions [[41, 28, 'VE']]
Realizing [41, 28, 'VE']
[[41, 28], [41, 29], [42, 28], [42, 29], [43, 28], [43, 29], [44, 28], [44, 29], [45, 28], [45, 29], [46, 28], [46, 29]]
Actions [[41, 28, 'VE']]
Realizing [41, 28, 'VE']
[[41, 28], [41, 29], [42, 28], [42, 29], [43, 28], [43, 29], [44, 28], [44, 29], [45, 28], [45, 29], [46, 28], [46, 29]]
Actions [[41, 28, 'VE']]
Realizing [41, 28, 'VE']
[[41, 28], [41, 29], [42, 28], [42, 29], [43, 28], [43, 29], [44, 28], [44, 29], [45, 28], [45, 29], [46, 28], [46, 29]]
Actions [[41, 28, 'VE']]
Realizing [41, 28, 'VE']
[[41, 28], [41, 29], [42, 28], [42, 29], [43, 28], [43, 29], [44, 28], [44, 29], [45, 28], [45, 29], [46, 28], [46, 29]]
Actions [[41, 28, 'VE']]
Realizing [41, 28, 'VE']
[[41, 28], [41, 29], [42, 28], [42, 29], [43, 28], [43, 29], [44, 28], [44, 29], [45, 28], [45, 29], [46, 28], [46, 29]]
Actions [[41, 28, 'VE']]
Realizing [41, 28, 'VE']
[[41, 28], [41, 29], [42, 28], [42, 29], [43, 28], [43, 29], [44, 28], [44, 29], [45, 28], [45, 29], [46, 28], [46, 29]]
Actions [[41, 28, 'VE']]
Realizing [41, 28, 'VE']
[[41, 28], [41, 29], [42, 28], [42, 29], [43, 28], [43, 29], [44, 28], [44, 29], [45, 28], [45, 29], [46, 28], [46, 29]]
Actions [[41, 28, 'VE']]
Realizing [41, 28, 'VE']
[[41, 28], [41, 29], [42, 28], [42, 29], [43, 28], [43, 29], [44, 28], [44, 29], [45, 28], [45, 29], [46, 28], [46, 29]]
Actions [[41, 28, 'VE']]
Realizing [41, 28, 'VE']
[[41, 28], [41, 29], [42, 28], [42, 29], [43, 28], [43, 29], [44, 28], [44, 29], [45, 28], [45, 29], [46, 28], [46, 29]]
Actions [[41, 28, 'VE']]
Realizing [41, 28, 'VE']
[[41, 28], [41, 29], [42, 28], [42, 29], [43, 28], [43, 29], [44, 28], [44, 29], [45, 28], [45, 29], [46, 28], [46, 29]]
Actions [[41, 28, 'VE']]
Realizing [41, 28, 'VE']
[[41, 28], [41, 29], [42, 28], [42, 29], [43, 28], [43, 29], [44, 28], [44, 29], [45, 28], [45, 29], [46, 28], [46, 29]]
Actions [[41, 28, 'VE']]
Realizing [41, 28, 'VE']
[[41, 28], [41, 29], [42, 28], [42, 29], [43, 28], [43, 29], [44, 28], [44, 29], [45, 28], [45, 29], [46, 28], [46, 29]]
Actions [[41, 29, 'VB'], [41, 29, 'VD']]
Realizing [41, 29, 'VB']
[[41, 29], [42, 28], [42, 29], [43, 28], [43, 29], [44, 28], [44, 29], [45, 28], [45, 29], [46, 28], [46, 29]]
Realizing [41, 29, 'VD']
[[41, 29], [42, 28], [42, 29], [43, 28], [43, 29], [44, 28], [44, 29], [45, 28], [45, 29], [46, 28], [46, 29]]
Actions [[41, 29, 'VD']]
Realizing [41, 29, 'VD']
[[41, 29], [42, 28], [42, 29], [43, 28], [43, 29], [44, 28], [44, 29], [45, 28], [45, 29], [46, 28], [46, 29]]
Actions [[41, 29, 'VD']]
Realizing [41, 29, 'VD']
[[41, 29], [42, 28], [42, 29], [43, 28], [43, 29], [44, 28], [44, 29], [45, 28], [45, 29], [46, 28], [46, 29]]
Actions [[41, 29, 'VD']]
Realizing [41, 29, 'VD']
[[41, 29], [42, 28], [42, 29], [43, 28], [43, 29], [44, 28], [44, 29], [45, 28], [45, 29], [46, 28], [46, 29]]
Actions [[41, 29, 'VD']]
Realizing [41, 29, 'VD']
[[41, 29], [42, 28], [42, 29], [43, 28], [43, 29], [44, 28], [44, 29], [45, 28], [45, 29], [46, 28], [46, 29]]
Actions [[41, 29, 'VD']]
Realizing [41, 29, 'VD']
[[41, 29], [42, 28], [42, 29], [43, 28], [43, 29], [44, 28], [44, 29], [45, 28], [45, 29], [46, 28], [46, 29]]
Actions [[41, 29, 'VD']]
Realizing [41, 29, 'VD']
[[41, 29], [42, 28], [42, 29], [43, 28], [43, 29], [44, 28], [44, 29], [45, 28], [45, 29], [46, 28], [46, 29]]
Actions [[41, 29, 'VD']]
Realizing [41, 29, 'VD']
[[41, 29], [42, 28], [42, 29], [43, 28], [43, 29], [44, 28], [44, 29], [45, 28], [45, 29], [46, 28], [46, 29]]
Actions [[41, 29, 'VD']]
Realizing [41, 29, 'VD']
[[41, 29], [42, 28], [42, 29], [43, 28], [43, 29], [44, 28], [44, 29], [45, 28], [45, 29], [46, 28], [46, 29]]
Actions [[41, 29, 'VD']]
Realizing [41, 29, 'VD']
[[41, 29], [42, 28], [42, 29], [43, 28], [43, 29], [44, 28], [44, 29], [45, 28], [45, 29], [46, 28], [46, 29]]
Actions [[41, 29, 'VD']]
Realizing [41, 29, 'VD']
[[41, 29], [42, 28], [42, 29], [43, 28], [43, 29], [44, 28], [44, 29], [45, 28], [45, 29], [46, 28], [46, 29]]
Actions [[41, 29, 'VD']]
Realizing [41, 29, 'VD']
[[41, 29], [42, 28], [42, 29], [43, 28], [43, 29], [44, 28], [44, 29], [45, 28], [45, 29], [46, 28], [46, 29]]
Actions [[41, 29, 'VD']]
Realizing [41, 29, 'VD']
[[41, 29], [42, 28], [42, 29], [43, 28], [43, 29], [44, 28], [44, 29], [45, 28], [45, 29], [46, 28], [46, 29]]
Actions [[41, 29, 'VD']]
Realizing [41, 29, 'VD']
[[41, 29], [42, 28], [42, 29], [43, 28], [43, 29], [44, 28], [44, 29], [45, 28], [45, 29], [46, 28], [46, 29]]
Actions [[41, 29, 'VD']]
Realizing [41, 29, 'VD']
[[41, 29], [42, 28], [42, 29], [43, 28], [43, 29], [44, 28], [44, 29], [45, 28], [45, 29], [46, 28], [46, 29]]
Actions [[41, 29, 'VD']]
Realizing [41, 29, 'VD']
[[41, 29], [42, 28], [42, 29], [43, 28], [43, 29], [44, 28], [44, 29], [45, 28], [45, 29], [46, 28], [46, 29]]
Actions [[41, 29, 'VD']]
Realizing [41, 29, 'VD']
[[41, 29], [42, 28], [42, 29], [43, 28], [43, 29], [44, 28], [44, 29], [45, 28], [45, 29], [46, 28], [46, 29]]
Actions [[41, 29, 'VD']]
Realizing [41, 29, 'VD']
[[41, 29], [42, 28], [42, 29], [43, 28], [43, 29], [44, 28], [44, 29], [45, 28], [45, 29], [46, 28], [46, 29]]
Actions [[41, 29, 'VD']]
Realizing [41, 29, 'VD']
[[41, 29], [42, 28], [42, 29], [43, 28], [43, 29], [44, 28], [44, 29], [45, 28], [45, 29], [46, 28], [46, 29]]
Actions [[41, 29, 'VD']]
Realizing [41, 29, 'VD']
[[41, 29], [42, 28], [42, 29], [43, 28], [43, 29], [44, 28], [44, 29], [45, 28], [45, 29], [46, 28], [46, 29]]
Actions [[41, 29, 'VD']]
Realizing [41, 29, 'VD']
[[41, 29], [42, 28], [42, 29], [43, 28], [43, 29], [44, 28], [44, 29], [45, 28], [45, 29], [46, 28], [46, 29]]
Actions [[41, 29, 'VD']]
Realizing [41, 29, 'VD']
[[41, 29], [42, 28], [42, 29], [43, 28], [43, 29], [44, 28], [44, 29], [45, 28], [45, 29], [46, 28], [46, 29]]
Actions [[41, 29, 'VD']]
Realizing [41, 29, 'VD']
[[41, 29], [42, 28], [42, 29], [43, 28], [43, 29], [44, 28], [44, 29], [45, 28], [45, 29], [46, 28], [46, 29]]
Actions [[41, 29, 'VD']]
Realizing [41, 29, 'VD']
[[41, 29], [42, 28], [42, 29], [43, 28], [43, 29], [44, 28], [44, 29], [45, 28], [45, 29], [46, 28], [46, 29]]
Actions [[41, 29, 'VD']]
Realizing [41, 29, 'VD']
[[41, 29], [42, 28], [42, 29], [43, 28], [43, 29], [44, 28], [44, 29], [45, 28], [45, 29], [46, 28], [46, 29]]
Actions [[41, 29, 'VD']]
Realizing [41, 29, 'VD']
[[41, 29], [42, 28], [42, 29], [43, 28], [43, 29], [44, 28], [44, 29], [45, 28], [45, 29], [46, 28], [46, 29]]
Actions [[41, 29, 'VD']]
Realizing [41, 29, 'VD']
[[41, 29], [42, 28], [42, 29], [43, 28], [43, 29], [44, 28], [44, 29], [45, 28], [45, 29], [46, 28], [46, 29]]
Actions [[41, 29, 'VD']]
Realizing [41, 29, 'VD']
[[41, 29], [42, 28], [42, 29], [43, 28], [43, 29], [44, 28], [44, 29], [45, 28], [45, 29], [46, 28], [46, 29]]
Actions [[41, 29, 'VD']]
Realizing [41, 29, 'VD']
[[41, 29], [42, 28], [42, 29], [43, 28], [43, 29], [44, 28], [44, 29], [45, 28], [45, 29], [46, 28], [46, 29]]
Actions [[41, 29, 'VD']]
Realizing [41, 29, 'VD']
[[41, 29], [42, 28], [42, 29], [43, 28], [43, 29], [44, 28], [44, 29], [45, 28], [45, 29], [46, 28], [46, 29]]
Actions [[41, 29, 'VD']]
Realizing [41, 29, 'VD']
[[41, 29], [42, 28], [42, 29], [43, 28], [43, 29], [44, 28], [44, 29], [45, 28], [45, 29], [46, 28], [46, 29]]
Actions [[41, 29, 'VD']]
Realizing [41, 29, 'VD']
[[41, 29], [42, 28], [42, 29], [43, 28], [43, 29], [44, 28], [44, 29], [45, 28], [45, 29], [46, 28], [46, 29]]
Actions [[41, 29, 'VD']]
Realizing [41, 29, 'VD']
[[41, 29], [42, 28], [42, 29], [43, 28], [43, 29], [44, 28], [44, 29], [45, 28], [45, 29], [46, 28], [46, 29]]
Actions [[41, 29, 'VD']]
Realizing [41, 29, 'VD']
[[41, 29], [42, 28], [42, 29], [43, 28], [43, 29], [44, 28], [44, 29], [45, 28], [45, 29], [46, 28], [46, 29]]
Actions [[41, 29, 'VD']]
Realizing [41, 29, 'VD']
[[41, 29], [42, 28], [42, 29], [43, 28], [43, 29], [44, 28], [44, 29], [45, 28], [45, 29], [46, 28], [46, 29]]
Actions [[41, 29, 'VD']]
Realizing [41, 29, 'VD']
[[41, 29], [42, 28], [42, 29], [43, 28], [43, 29], [44, 28], [44, 29], [45, 28], [45, 29], [46, 28], [46, 29]]
Actions [[41, 29, 'VD']]
Realizing [41, 29, 'VD']
[[41, 29], [42, 28], [42, 29], [43, 28], [43, 29], [44, 28], [44, 29], [45, 28], [45, 29], [46, 28], [46, 29]]
Actions [[41, 29, 'VD']]
Realizing [41, 29, 'VD']
[[41, 29], [42, 28], [42, 29], [43, 28], [43, 29], [44, 28], [44, 29], [45, 28], [45, 29], [46, 28], [46, 29]]
Actions [[41, 29, 'VD']]
Realizing [41, 29, 'VD']
[[41, 29], [42, 28], [42, 29], [43, 28], [43, 29], [44, 28], [44, 29], [45, 28], [45, 29], [46, 28], [46, 29]]
Actions [[41, 29, 'VD']]
Realizing [41, 29, 'VD']
[[41, 29], [42, 28], [42, 29], [43, 28], [43, 29], [44, 28], [44, 29], [45, 28], [45, 29], [46, 28], [46, 29]]
Actions [[41, 29, 'VD']]
Realizing [41, 29, 'VD']
[[41, 29], [42, 28], [42, 29], [43, 28], [43, 29], [44, 28], [44, 29], [45, 28], [45, 29], [46, 28], [46, 29]]
Actions [[41, 29, 'VD']]
Realizing [41, 29, 'VD']
[[41, 29], [42, 28], [42, 29], [43, 28], [43, 29], [44, 28], [44, 29], [45, 28], [45, 29], [46, 28], [46, 29]]
Actions [[41, 29, 'VD']]
Realizing [41, 29, 'VD']
[[41, 29], [42, 28], [42, 29], [43, 28], [43, 29], [44, 28], [44, 29], [45, 28], [45, 29], [46, 28], [46, 29]]
Actions [[41, 29, 'VD']]
Realizing [41, 29, 'VD']
[[41, 29], [42, 28], [42, 29], [43, 28], [43, 29], [44, 28], [44, 29], [45, 28], [45, 29], [46, 28], [46, 29]]
Actions [[41, 29, 'VD']]
Realizing [41, 29, 'VD']
[[41, 29], [42, 28], [42, 29], [43, 28], [43, 29], [44, 28], [44, 29], [45, 28], [45, 29], [46, 28], [46, 29]]
Actions [[41, 29, 'VD']]
Realizing [41, 29, 'VD']
[[41, 29], [42, 28], [42, 29], [43, 28], [43, 29], [44, 28], [44, 29], [45, 28], [45, 29], [46, 28], [46, 29]]
Actions [[41, 29, 'VD']]
Realizing [41, 29, 'VD']
[[41, 29], [42, 28], [42, 29], [43, 28], [43, 29], [44, 28], [44, 29], [45, 28], [45, 29], [46, 28], [46, 29]]
Actions [[41, 29, 'VD']]
Realizing [41, 29, 'VD']
[[41, 29], [42, 28], [42, 29], [43, 28], [43, 29], [44, 28], [44, 29], [45, 28], [45, 29], [46, 28], [46, 29]]
Actions [[41, 29, 'VD']]
Realizing [41, 29, 'VD']
[[41, 29], [42, 28], [42, 29], [43, 28], [43, 29], [44, 28], [44, 29], [45, 28], [45, 29], [46, 28], [46, 29]]
Actions [[41, 29, 'VD']]
Realizing [41, 29, 'VD']
[[41, 29], [42, 28], [42, 29], [43, 28], [43, 29], [44, 28], [44, 29], [45, 28], [45, 29], [46, 28], [46, 29]]
Actions [[41, 29, 'VD']]
Realizing [41, 29, 'VD']
[[41, 29], [42, 28], [42, 29], [43, 28], [43, 29], [44, 28], [44, 29], [45, 28], [45, 29], [46, 28], [46, 29]]
Actions [[41, 29, 'VD']]
Realizing [41, 29, 'VD']
[[41, 29], [42, 28], [42, 29], [43, 28], [43, 29], [44, 28], [44, 29], [45, 28], [45, 29], [46, 28], [46, 29]]
Actions [[42, 28, 'VB'], [42, 28, 'VD']]
Realizing [42, 28, 'VB']
[[42, 28], [42, 29], [43, 28], [43, 29], [44, 28], [44, 29], [45, 28], [45, 29], [46, 28], [46, 29]]
Realizing [42, 28, 'VD']
[[42, 28], [42, 29], [43, 28], [43, 29], [44, 28], [44, 29], [45, 28], [45, 29], [46, 28], [46, 29]]
Actions [[42, 28, 'VD']]
Realizing [42, 28, 'VD']
[[42, 28], [42, 29], [43, 28], [43, 29], [44, 28], [44, 29], [45, 28], [45, 29], [46, 28], [46, 29]]
Actions [[42, 28, 'VD']]
Realizing [42, 28, 'VD']
[[42, 28], [42, 29], [43, 28], [43, 29], [44, 28], [44, 29], [45, 28], [45, 29], [46, 28], [46, 29]]
Actions [[42, 28, 'VD']]
Realizing [42, 28, 'VD']
[[42, 28], [42, 29], [43, 28], [43, 29], [44, 28], [44, 29], [45, 28], [45, 29], [46, 28], [46, 29]]
Actions [[42, 28, 'VD']]
Realizing [42, 28, 'VD']
[[42, 28], [42, 29], [43, 28], [43, 29], [44, 28], [44, 29], [45, 28], [45, 29], [46, 28], [46, 29]]
Actions [[42, 28, 'VD']]
Realizing [42, 28, 'VD']
[[42, 28], [42, 29], [43, 28], [43, 29], [44, 28], [44, 29], [45, 28], [45, 29], [46, 28], [46, 29]]
Actions [[42, 28, 'VD']]
Realizing [42, 28, 'VD']
[[42, 28], [42, 29], [43, 28], [43, 29], [44, 28], [44, 29], [45, 28], [45, 29], [46, 28], [46, 29]]
Actions [[42, 28, 'VD']]
Realizing [42, 28, 'VD']
[[42, 28], [42, 29], [43, 28], [43, 29], [44, 28], [44, 29], [45, 28], [45, 29], [46, 28], [46, 29]]
Actions [[42, 28, 'VD']]
Realizing [42, 28, 'VD']
[[42, 28], [42, 29], [43, 28], [43, 29], [44, 28], [44, 29], [45, 28], [45, 29], [46, 28], [46, 29]]
Actions [[42, 28, 'VD']]
Realizing [42, 28, 'VD']
[[42, 28], [42, 29], [43, 28], [43, 29], [44, 28], [44, 29], [45, 28], [45, 29], [46, 28], [46, 29]]
Actions [[42, 28, 'VD']]
Realizing [42, 28, 'VD']
[[42, 28], [42, 29], [43, 28], [43, 29], [44, 28], [44, 29], [45, 28], [45, 29], [46, 28], [46, 29]]
Actions [[42, 28, 'VD']]
Realizing [42, 28, 'VD']
[[42, 28], [42, 29], [43, 28], [43, 29], [44, 28], [44, 29], [45, 28], [45, 29], [46, 28], [46, 29]]
Actions [[42, 28, 'VD']]
Realizing [42, 28, 'VD']
[[42, 28], [42, 29], [43, 28], [43, 29], [44, 28], [44, 29], [45, 28], [45, 29], [46, 28], [46, 29]]
Actions [[42, 28, 'VD']]
Realizing [42, 28, 'VD']
[[42, 28], [42, 29], [43, 28], [43, 29], [44, 28], [44, 29], [45, 28], [45, 29], [46, 28], [46, 29]]
Actions [[42, 28, 'VD']]
Realizing [42, 28, 'VD']
[[42, 28], [42, 29], [43, 28], [43, 29], [44, 28], [44, 29], [45, 28], [45, 29], [46, 28], [46, 29]]
Actions [[42, 28, 'VD']]
Realizing [42, 28, 'VD']
[[42, 28], [42, 29], [43, 28], [43, 29], [44, 28], [44, 29], [45, 28], [45, 29], [46, 28], [46, 29]]
Actions [[42, 28, 'VD']]
Realizing [42, 28, 'VD']
[[42, 28], [42, 29], [43, 28], [43, 29], [44, 28], [44, 29], [45, 28], [45, 29], [46, 28], [46, 29]]
Actions [[42, 28, 'VD']]
Realizing [42, 28, 'VD']
[[42, 28], [42, 29], [43, 28], [43, 29], [44, 28], [44, 29], [45, 28], [45, 29], [46, 28], [46, 29]]
Actions [[42, 28, 'VD']]
Realizing [42, 28, 'VD']
[[42, 28], [42, 29], [43, 28], [43, 29], [44, 28], [44, 29], [45, 28], [45, 29], [46, 28], [46, 29]]
Actions [[42, 28, 'VD']]
Realizing [42, 28, 'VD']
[[42, 28], [42, 29], [43, 28], [43, 29], [44, 28], [44, 29], [45, 28], [45, 29], [46, 28], [46, 29]]
Actions [[42, 28, 'VD']]
Realizing [42, 28, 'VD']
[[42, 28], [42, 29], [43, 28], [43, 29], [44, 28], [44, 29], [45, 28], [45, 29], [46, 28], [46, 29]]
Actions [[42, 28, 'VD']]
Realizing [42, 28, 'VD']
[[42, 28], [42, 29], [43, 28], [43, 29], [44, 28], [44, 29], [45, 28], [45, 29], [46, 28], [46, 29]]
Actions [[42, 28, 'VD']]
Realizing [42, 28, 'VD']
[[42, 28], [42, 29], [43, 28], [43, 29], [44, 28], [44, 29], [45, 28], [45, 29], [46, 28], [46, 29]]
Actions [[42, 28, 'VD']]
Realizing [42, 28, 'VD']
[[42, 28], [42, 29], [43, 28], [43, 29], [44, 28], [44, 29], [45, 28], [45, 29], [46, 28], [46, 29]]
Actions [[42, 28, 'VD']]
Realizing [42, 28, 'VD']
[[42, 28], [42, 29], [43, 28], [43, 29], [44, 28], [44, 29], [45, 28], [45, 29], [46, 28], [46, 29]]
Actions [[42, 28, 'VD']]
Realizing [42, 28, 'VD']
[[42, 28], [42, 29], [43, 28], [43, 29], [44, 28], [44, 29], [45, 28], [45, 29], [46, 28], [46, 29]]
Actions [[42, 28, 'VD']]
Realizing [42, 28, 'VD']
[[42, 28], [42, 29], [43, 28], [43, 29], [44, 28], [44, 29], [45, 28], [45, 29], [46, 28], [46, 29]]
Actions [[42, 28, 'VD']]
Realizing [42, 28, 'VD']
[[42, 28], [42, 29], [43, 28], [43, 29], [44, 28], [44, 29], [45, 28], [45, 29], [46, 28], [46, 29]]
Actions [[42, 28, 'VD']]
Realizing [42, 28, 'VD']
[[42, 28], [42, 29], [43, 28], [43, 29], [44, 28], [44, 29], [45, 28], [45, 29], [46, 28], [46, 29]]
Actions [[42, 28, 'VD']]
Realizing [42, 28, 'VD']
[[42, 28], [42, 29], [43, 28], [43, 29], [44, 28], [44, 29], [45, 28], [45, 29], [46, 28], [46, 29]]
Actions [[42, 28, 'VD']]
Realizing [42, 28, 'VD']
[[42, 28], [42, 29], [43, 28], [43, 29], [44, 28], [44, 29], [45, 28], [45, 29], [46, 28], [46, 29]]
Actions [[42, 28, 'VD']]
Realizing [42, 28, 'VD']
[[42, 28], [42, 29], [43, 28], [43, 29], [44, 28], [44, 29], [45, 28], [45, 29], [46, 28], [46, 29]]
Actions [[42, 28, 'VD']]
Realizing [42, 28, 'VD']
[[42, 28], [42, 29], [43, 28], [43, 29], [44, 28], [44, 29], [45, 28], [45, 29], [46, 28], [46, 29]]
Actions [[42, 28, 'VD']]
Realizing [42, 28, 'VD']
[[42, 28], [42, 29], [43, 28], [43, 29], [44, 28], [44, 29], [45, 28], [45, 29], [46, 28], [46, 29]]
Actions [[42, 28, 'VD']]
Realizing [42, 28, 'VD']
[[42, 28], [42, 29], [43, 28], [43, 29], [44, 28], [44, 29], [45, 28], [45, 29], [46, 28], [46, 29]]
Actions [[42, 28, 'VD']]
Realizing [42, 28, 'VD']
[[42, 28], [42, 29], [43, 28], [43, 29], [44, 28], [44, 29], [45, 28], [45, 29], [46, 28], [46, 29]]
Actions [[42, 28, 'VD']]
Realizing [42, 28, 'VD']
[[42, 28], [42, 29], [43, 28], [43, 29], [44, 28], [44, 29], [45, 28], [45, 29], [46, 28], [46, 29]]
Actions [[42, 28, 'VD']]
Realizing [42, 28, 'VD']
[[42, 28], [42, 29], [43, 28], [43, 29], [44, 28], [44, 29], [45, 28], [45, 29], [46, 28], [46, 29]]
Actions [[42, 28, 'VD']]
Realizing [42, 28, 'VD']
[[42, 28], [42, 29], [43, 28], [43, 29], [44, 28], [44, 29], [45, 28], [45, 29], [46, 28], [46, 29]]
Actions [[42, 28, 'VD']]
Realizing [42, 28, 'VD']
[[42, 28], [42, 29], [43, 28], [43, 29], [44, 28], [44, 29], [45, 28], [45, 29], [46, 28], [46, 29]]
Actions [[42, 28, 'VD']]
Realizing [42, 28, 'VD']
[[42, 28], [42, 29], [43, 28], [43, 29], [44, 28], [44, 29], [45, 28], [45, 29], [46, 28], [46, 29]]
Actions [[42, 28, 'VD']]
Realizing [42, 28, 'VD']
[[42, 28], [42, 29], [43, 28], [43, 29], [44, 28], [44, 29], [45, 28], [45, 29], [46, 28], [46, 29]]
Actions [[42, 28, 'VD']]
Realizing [42, 28, 'VD']
[[42, 28], [42, 29], [43, 28], [43, 29], [44, 28], [44, 29], [45, 28], [45, 29], [46, 28], [46, 29]]
Actions [[42, 28, 'VD']]
Realizing [42, 28, 'VD']
[[42, 28], [42, 29], [43, 28], [43, 29], [44, 28], [44, 29], [45, 28], [45, 29], [46, 28], [46, 29]]
Actions [[42, 28, 'VD']]
Realizing [42, 28, 'VD']
[[42, 28], [42, 29], [43, 28], [43, 29], [44, 28], [44, 29], [45, 28], [45, 29], [46, 28], [46, 29]]
Actions [[42, 28, 'VD']]
Realizing [42, 28, 'VD']
[[42, 28], [42, 29], [43, 28], [43, 29], [44, 28], [44, 29], [45, 28], [45, 29], [46, 28], [46, 29]]
Actions [[42, 28, 'VD']]
Realizing [42, 28, 'VD']
[[42, 28], [42, 29], [43, 28], [43, 29], [44, 28], [44, 29], [45, 28], [45, 29], [46, 28], [46, 29]]
Actions [[42, 28, 'VD']]
Realizing [42, 28, 'VD']
[[42, 28], [42, 29], [43, 28], [43, 29], [44, 28], [44, 29], [45, 28], [45, 29], [46, 28], [46, 29]]
Actions [[42, 28, 'VD']]
Realizing [42, 28, 'VD']
[[42, 28], [42, 29], [43, 28], [43, 29], [44, 28], [44, 29], [45, 28], [45, 29], [46, 28], [46, 29]]
Actions [[42, 28, 'VD']]
Realizing [42, 28, 'VD']
[[42, 28], [42, 29], [43, 28], [43, 29], [44, 28], [44, 29], [45, 28], [45, 29], [46, 28], [46, 29]]
Actions [[42, 28, 'VD']]
Realizing [42, 28, 'VD']
[[42, 28], [42, 29], [43, 28], [43, 29], [44, 28], [44, 29], [45, 28], [45, 29], [46, 28], [46, 29]]
Actions [[42, 28, 'VD']]
Realizing [42, 28, 'VD']
[[42, 28], [42, 29], [43, 28], [43, 29], [44, 28], [44, 29], [45, 28], [45, 29], [46, 28], [46, 29]]
Actions [[42, 28, 'VD']]
Realizing [42, 28, 'VD']
[[42, 28], [42, 29], [43, 28], [43, 29], [44, 28], [44, 29], [45, 28], [45, 29], [46, 28], [46, 29]]
Actions [[42, 29, 'VC'], [42, 29, 'VE']]
Realizing [42, 29, 'VC']
[[42, 29], [43, 28], [43, 29], [44, 28], [44, 29], [45, 28], [45, 29], [46, 28], [46, 29]]
Realizing [42, 29, 'VE']
[[42, 29], [43, 28], [43, 29], [44, 28], [44, 29], [45, 28], [45, 29], [46, 28], [46, 29]]
Actions [[42, 29, 'VE']]
Realizing [42, 29, 'VE']
[[42, 29], [43, 28], [43, 29], [44, 28], [44, 29], [45, 28], [45, 29], [46, 28], [46, 29]]
Actions [[42, 29, 'VE']]
Realizing [42, 29, 'VE']
[[42, 29], [43, 28], [43, 29], [44, 28], [44, 29], [45, 28], [45, 29], [46, 28], [46, 29]]
Actions [[42, 29, 'VE']]
Realizing [42, 29, 'VE']
[[42, 29], [43, 28], [43, 29], [44, 28], [44, 29], [45, 28], [45, 29], [46, 28], [46, 29]]
Actions [[42, 29, 'VE']]
Realizing [42, 29, 'VE']
[[42, 29], [43, 28], [43, 29], [44, 28], [44, 29], [45, 28], [45, 29], [46, 28], [46, 29]]
Actions [[42, 29, 'VE']]
Realizing [42, 29, 'VE']
[[42, 29], [43, 28], [43, 29], [44, 28], [44, 29], [45, 28], [45, 29], [46, 28], [46, 29]]
Actions [[42, 29, 'VE']]
Realizing [42, 29, 'VE']
[[42, 29], [43, 28], [43, 29], [44, 28], [44, 29], [45, 28], [45, 29], [46, 28], [46, 29]]
Actions [[42, 29, 'VE']]
Realizing [42, 29, 'VE']
[[42, 29], [43, 28], [43, 29], [44, 28], [44, 29], [45, 28], [45, 29], [46, 28], [46, 29]]
Actions [[42, 29, 'VE']]
Realizing [42, 29, 'VE']
[[42, 29], [43, 28], [43, 29], [44, 28], [44, 29], [45, 28], [45, 29], [46, 28], [46, 29]]
Actions [[42, 29, 'VE']]
Realizing [42, 29, 'VE']
[[42, 29], [43, 28], [43, 29], [44, 28], [44, 29], [45, 28], [45, 29], [46, 28], [46, 29]]
Actions [[42, 29, 'VE']]
Realizing [42, 29, 'VE']
[[42, 29], [43, 28], [43, 29], [44, 28], [44, 29], [45, 28], [45, 29], [46, 28], [46, 29]]
Actions [[42, 29, 'VE']]
Realizing [42, 29, 'VE']
[[42, 29], [43, 28], [43, 29], [44, 28], [44, 29], [45, 28], [45, 29], [46, 28], [46, 29]]
Actions [[42, 29, 'VE']]
Realizing [42, 29, 'VE']
[[42, 29], [43, 28], [43, 29], [44, 28], [44, 29], [45, 28], [45, 29], [46, 28], [46, 29]]
Actions [[42, 29, 'VE']]
Realizing [42, 29, 'VE']
[[42, 29], [43, 28], [43, 29], [44, 28], [44, 29], [45, 28], [45, 29], [46, 28], [46, 29]]
Actions [[42, 29, 'VE']]
Realizing [42, 29, 'VE']
[[42, 29], [43, 28], [43, 29], [44, 28], [44, 29], [45, 28], [45, 29], [46, 28], [46, 29]]
Actions [[42, 29, 'VE']]
Realizing [42, 29, 'VE']
[[42, 29], [43, 28], [43, 29], [44, 28], [44, 29], [45, 28], [45, 29], [46, 28], [46, 29]]
Actions [[42, 29, 'VE']]
Realizing [42, 29, 'VE']
[[42, 29], [43, 28], [43, 29], [44, 28], [44, 29], [45, 28], [45, 29], [46, 28], [46, 29]]
Actions [[42, 29, 'VE']]
Realizing [42, 29, 'VE']
[[42, 29], [43, 28], [43, 29], [44, 28], [44, 29], [45, 28], [45, 29], [46, 28], [46, 29]]
Actions [[42, 29, 'VE']]
Realizing [42, 29, 'VE']
[[42, 29], [43, 28], [43, 29], [44, 28], [44, 29], [45, 28], [45, 29], [46, 28], [46, 29]]
Actions [[42, 29, 'VE']]
Realizing [42, 29, 'VE']
[[42, 29], [43, 28], [43, 29], [44, 28], [44, 29], [45, 28], [45, 29], [46, 28], [46, 29]]
Actions [[42, 29, 'VE']]
Realizing [42, 29, 'VE']
[[42, 29], [43, 28], [43, 29], [44, 28], [44, 29], [45, 28], [45, 29], [46, 28], [46, 29]]
Actions [[42, 29, 'VE']]
Realizing [42, 29, 'VE']
[[42, 29], [43, 28], [43, 29], [44, 28], [44, 29], [45, 28], [45, 29], [46, 28], [46, 29]]
Actions [[42, 29, 'VE']]
Realizing [42, 29, 'VE']
[[42, 29], [43, 28], [43, 29], [44, 28], [44, 29], [45, 28], [45, 29], [46, 28], [46, 29]]
Actions [[42, 29, 'VE']]
Realizing [42, 29, 'VE']
[[42, 29], [43, 28], [43, 29], [44, 28], [44, 29], [45, 28], [45, 29], [46, 28], [46, 29]]
Actions [[42, 29, 'VE']]
Realizing [42, 29, 'VE']
[[42, 29], [43, 28], [43, 29], [44, 28], [44, 29], [45, 28], [45, 29], [46, 28], [46, 29]]
Actions [[42, 29, 'VE']]
Realizing [42, 29, 'VE']
[[42, 29], [43, 28], [43, 29], [44, 28], [44, 29], [45, 28], [45, 29], [46, 28], [46, 29]]
Actions [[42, 29, 'VE']]
Realizing [42, 29, 'VE']
[[42, 29], [43, 28], [43, 29], [44, 28], [44, 29], [45, 28], [45, 29], [46, 28], [46, 29]]
Actions [[42, 29, 'VE']]
Realizing [42, 29, 'VE']
[[42, 29], [43, 28], [43, 29], [44, 28], [44, 29], [45, 28], [45, 29], [46, 28], [46, 29]]
Actions [[42, 29, 'VE']]
Realizing [42, 29, 'VE']
[[42, 29], [43, 28], [43, 29], [44, 28], [44, 29], [45, 28], [45, 29], [46, 28], [46, 29]]
Actions [[42, 29, 'VE']]
Realizing [42, 29, 'VE']
[[42, 29], [43, 28], [43, 29], [44, 28], [44, 29], [45, 28], [45, 29], [46, 28], [46, 29]]
Actions [[42, 29, 'VE']]
Realizing [42, 29, 'VE']
[[42, 29], [43, 28], [43, 29], [44, 28], [44, 29], [45, 28], [45, 29], [46, 28], [46, 29]]
Actions [[42, 29, 'VE']]
Realizing [42, 29, 'VE']
[[42, 29], [43, 28], [43, 29], [44, 28], [44, 29], [45, 28], [45, 29], [46, 28], [46, 29]]
Actions [[42, 29, 'VE']]
Realizing [42, 29, 'VE']
[[42, 29], [43, 28], [43, 29], [44, 28], [44, 29], [45, 28], [45, 29], [46, 28], [46, 29]]
Actions [[42, 29, 'VE']]
Realizing [42, 29, 'VE']
[[42, 29], [43, 28], [43, 29], [44, 28], [44, 29], [45, 28], [45, 29], [46, 28], [46, 29]]
Actions [[42, 29, 'VE']]
Realizing [42, 29, 'VE']
[[42, 29], [43, 28], [43, 29], [44, 28], [44, 29], [45, 28], [45, 29], [46, 28], [46, 29]]
Actions [[42, 29, 'VE']]
Realizing [42, 29, 'VE']
[[42, 29], [43, 28], [43, 29], [44, 28], [44, 29], [45, 28], [45, 29], [46, 28], [46, 29]]
Actions [[42, 29, 'VE']]
Realizing [42, 29, 'VE']
[[42, 29], [43, 28], [43, 29], [44, 28], [44, 29], [45, 28], [45, 29], [46, 28], [46, 29]]
Actions [[42, 29, 'VE']]
Realizing [42, 29, 'VE']
[[42, 29], [43, 28], [43, 29], [44, 28], [44, 29], [45, 28], [45, 29], [46, 28], [46, 29]]
Actions [[42, 29, 'VE']]
Realizing [42, 29, 'VE']
[[42, 29], [43, 28], [43, 29], [44, 28], [44, 29], [45, 28], [45, 29], [46, 28], [46, 29]]
Actions [[42, 29, 'VE']]
Realizing [42, 29, 'VE']
[[42, 29], [43, 28], [43, 29], [44, 28], [44, 29], [45, 28], [45, 29], [46, 28], [46, 29]]
Actions [[42, 29, 'VE']]
Realizing [42, 29, 'VE']
[[42, 29], [43, 28], [43, 29], [44, 28], [44, 29], [45, 28], [45, 29], [46, 28], [46, 29]]
Actions [[42, 29, 'VE']]
Realizing [42, 29, 'VE']
[[42, 29], [43, 28], [43, 29], [44, 28], [44, 29], [45, 28], [45, 29], [46, 28], [46, 29]]
Actions [[42, 29, 'VE']]
Realizing [42, 29, 'VE']
[[42, 29], [43, 28], [43, 29], [44, 28], [44, 29], [45, 28], [45, 29], [46, 28], [46, 29]]
Actions [[42, 29, 'VE']]
Realizing [42, 29, 'VE']
[[42, 29], [43, 28], [43, 29], [44, 28], [44, 29], [45, 28], [45, 29], [46, 28], [46, 29]]
Actions [[42, 29, 'VE']]
Realizing [42, 29, 'VE']
[[42, 29], [43, 28], [43, 29], [44, 28], [44, 29], [45, 28], [45, 29], [46, 28], [46, 29]]
Actions [[42, 29, 'VE']]
Realizing [42, 29, 'VE']
[[42, 29], [43, 28], [43, 29], [44, 28], [44, 29], [45, 28], [45, 29], [46, 28], [46, 29]]
Actions [[42, 29, 'VE']]
Realizing [42, 29, 'VE']
[[42, 29], [43, 28], [43, 29], [44, 28], [44, 29], [45, 28], [45, 29], [46, 28], [46, 29]]
Actions [[42, 29, 'VE']]
Realizing [42, 29, 'VE']
[[42, 29], [43, 28], [43, 29], [44, 28], [44, 29], [45, 28], [45, 29], [46, 28], [46, 29]]
Actions [[42, 29, 'VE']]
Realizing [42, 29, 'VE']
[[42, 29], [43, 28], [43, 29], [44, 28], [44, 29], [45, 28], [45, 29], [46, 28], [46, 29]]
Actions [[42, 29, 'VE']]
Realizing [42, 29, 'VE']
[[42, 29], [43, 28], [43, 29], [44, 28], [44, 29], [45, 28], [45, 29], [46, 28], [46, 29]]
Actions [[42, 29, 'VE']]
Realizing [42, 29, 'VE']
[[42, 29], [43, 28], [43, 29], [44, 28], [44, 29], [45, 28], [45, 29], [46, 28], [46, 29]]
Actions [[42, 29, 'VE']]
Realizing [42, 29, 'VE']
[[42, 29], [43, 28], [43, 29], [44, 28], [44, 29], [45, 28], [45, 29], [46, 28], [46, 29]]
Actions [[42, 29, 'VE']]
Realizing [42, 29, 'VE']
[[42, 29], [43, 28], [43, 29], [44, 28], [44, 29], [45, 28], [45, 29], [46, 28], [46, 29]]
Actions [[42, 29, 'VE']]
Realizing [42, 29, 'VE']
[[42, 29], [43, 28], [43, 29], [44, 28], [44, 29], [45, 28], [45, 29], [46, 28], [46, 29]]
Actions [[43, 28, 'VC'], [43, 28, 'VE']]
Realizing [43, 28, 'VC']
[[43, 28], [43, 29], [44, 28], [44, 29], [45, 28], [45, 29], [46, 28], [46, 29]]
Realizing [43, 28, 'VE']
[[43, 28], [43, 29], [44, 28], [44, 29], [45, 28], [45, 29], [46, 28], [46, 29]]
Actions [[43, 28, 'VE']]
Realizing [43, 28, 'VE']
[[43, 28], [43, 29], [44, 28], [44, 29], [45, 28], [45, 29], [46, 28], [46, 29]]
Actions [[43, 28, 'VE']]
Realizing [43, 28, 'VE']
[[43, 28], [43, 29], [44, 28], [44, 29], [45, 28], [45, 29], [46, 28], [46, 29]]
Actions [[43, 28, 'VE']]
Realizing [43, 28, 'VE']
[[43, 28], [43, 29], [44, 28], [44, 29], [45, 28], [45, 29], [46, 28], [46, 29]]
Actions [[43, 28, 'VE']]
Realizing [43, 28, 'VE']
[[43, 28], [43, 29], [44, 28], [44, 29], [45, 28], [45, 29], [46, 28], [46, 29]]
Actions [[43, 28, 'VE']]
Realizing [43, 28, 'VE']
[[43, 28], [43, 29], [44, 28], [44, 29], [45, 28], [45, 29], [46, 28], [46, 29]]
Actions [[43, 28, 'VE']]
Realizing [43, 28, 'VE']
[[43, 28], [43, 29], [44, 28], [44, 29], [45, 28], [45, 29], [46, 28], [46, 29]]
Actions [[43, 28, 'VE']]
Realizing [43, 28, 'VE']
[[43, 28], [43, 29], [44, 28], [44, 29], [45, 28], [45, 29], [46, 28], [46, 29]]
Actions [[43, 28, 'VE']]
Realizing [43, 28, 'VE']
[[43, 28], [43, 29], [44, 28], [44, 29], [45, 28], [45, 29], [46, 28], [46, 29]]
Actions [[43, 28, 'VE']]
Realizing [43, 28, 'VE']
[[43, 28], [43, 29], [44, 28], [44, 29], [45, 28], [45, 29], [46, 28], [46, 29]]
Actions [[43, 28, 'VE']]
Realizing [43, 28, 'VE']
[[43, 28], [43, 29], [44, 28], [44, 29], [45, 28], [45, 29], [46, 28], [46, 29]]
Actions [[43, 28, 'VE']]
Realizing [43, 28, 'VE']
[[43, 28], [43, 29], [44, 28], [44, 29], [45, 28], [45, 29], [46, 28], [46, 29]]
Actions [[43, 28, 'VE']]
Realizing [43, 28, 'VE']
[[43, 28], [43, 29], [44, 28], [44, 29], [45, 28], [45, 29], [46, 28], [46, 29]]
Actions [[43, 28, 'VE']]
Realizing [43, 28, 'VE']
[[43, 28], [43, 29], [44, 28], [44, 29], [45, 28], [45, 29], [46, 28], [46, 29]]
Actions [[43, 28, 'VE']]
Realizing [43, 28, 'VE']
[[43, 28], [43, 29], [44, 28], [44, 29], [45, 28], [45, 29], [46, 28], [46, 29]]
Actions [[43, 28, 'VE']]
Realizing [43, 28, 'VE']
[[43, 28], [43, 29], [44, 28], [44, 29], [45, 28], [45, 29], [46, 28], [46, 29]]
Actions [[43, 28, 'VE']]
Realizing [43, 28, 'VE']
[[43, 28], [43, 29], [44, 28], [44, 29], [45, 28], [45, 29], [46, 28], [46, 29]]
Actions [[43, 28, 'VE']]
Realizing [43, 28, 'VE']
[[43, 28], [43, 29], [44, 28], [44, 29], [45, 28], [45, 29], [46, 28], [46, 29]]
Actions [[43, 28, 'VE']]
Realizing [43, 28, 'VE']
[[43, 28], [43, 29], [44, 28], [44, 29], [45, 28], [45, 29], [46, 28], [46, 29]]
Actions [[43, 28, 'VE']]
Realizing [43, 28, 'VE']
[[43, 28], [43, 29], [44, 28], [44, 29], [45, 28], [45, 29], [46, 28], [46, 29]]
Actions [[43, 28, 'VE']]
Realizing [43, 28, 'VE']
[[43, 28], [43, 29], [44, 28], [44, 29], [45, 28], [45, 29], [46, 28], [46, 29]]
Actions [[43, 28, 'VE']]
Realizing [43, 28, 'VE']
[[43, 28], [43, 29], [44, 28], [44, 29], [45, 28], [45, 29], [46, 28], [46, 29]]
Actions [[43, 28, 'VE']]
Realizing [43, 28, 'VE']
[[43, 28], [43, 29], [44, 28], [44, 29], [45, 28], [45, 29], [46, 28], [46, 29]]
Actions [[43, 28, 'VE']]
Realizing [43, 28, 'VE']
[[43, 28], [43, 29], [44, 28], [44, 29], [45, 28], [45, 29], [46, 28], [46, 29]]
Actions [[43, 28, 'VE']]
Realizing [43, 28, 'VE']
[[43, 28], [43, 29], [44, 28], [44, 29], [45, 28], [45, 29], [46, 28], [46, 29]]
Actions [[43, 28, 'VE']]
Realizing [43, 28, 'VE']
[[43, 28], [43, 29], [44, 28], [44, 29], [45, 28], [45, 29], [46, 28], [46, 29]]
Actions [[43, 28, 'VE']]
Realizing [43, 28, 'VE']
[[43, 28], [43, 29], [44, 28], [44, 29], [45, 28], [45, 29], [46, 28], [46, 29]]
Actions [[43, 28, 'VE']]
Realizing [43, 28, 'VE']
[[43, 28], [43, 29], [44, 28], [44, 29], [45, 28], [45, 29], [46, 28], [46, 29]]
Actions [[43, 28, 'VE']]
Realizing [43, 28, 'VE']
[[43, 28], [43, 29], [44, 28], [44, 29], [45, 28], [45, 29], [46, 28], [46, 29]]
Actions [[43, 28, 'VE']]
Realizing [43, 28, 'VE']
[[43, 28], [43, 29], [44, 28], [44, 29], [45, 28], [45, 29], [46, 28], [46, 29]]
Actions [[43, 28, 'VE']]
Realizing [43, 28, 'VE']
[[43, 28], [43, 29], [44, 28], [44, 29], [45, 28], [45, 29], [46, 28], [46, 29]]
Actions [[43, 28, 'VE']]
Realizing [43, 28, 'VE']
[[43, 28], [43, 29], [44, 28], [44, 29], [45, 28], [45, 29], [46, 28], [46, 29]]
Actions [[43, 28, 'VE']]
Realizing [43, 28, 'VE']
[[43, 28], [43, 29], [44, 28], [44, 29], [45, 28], [45, 29], [46, 28], [46, 29]]
Actions [[43, 28, 'VE']]
Realizing [43, 28, 'VE']
[[43, 28], [43, 29], [44, 28], [44, 29], [45, 28], [45, 29], [46, 28], [46, 29]]
Actions [[43, 28, 'VE']]
Realizing [43, 28, 'VE']
[[43, 28], [43, 29], [44, 28], [44, 29], [45, 28], [45, 29], [46, 28], [46, 29]]
Actions [[43, 28, 'VE']]
Realizing [43, 28, 'VE']
[[43, 28], [43, 29], [44, 28], [44, 29], [45, 28], [45, 29], [46, 28], [46, 29]]
Actions [[43, 28, 'VE']]
Realizing [43, 28, 'VE']
[[43, 28], [43, 29], [44, 28], [44, 29], [45, 28], [45, 29], [46, 28], [46, 29]]
Actions [[43, 28, 'VE']]
Realizing [43, 28, 'VE']
[[43, 28], [43, 29], [44, 28], [44, 29], [45, 28], [45, 29], [46, 28], [46, 29]]
Actions [[43, 28, 'VE']]
Realizing [43, 28, 'VE']
[[43, 28], [43, 29], [44, 28], [44, 29], [45, 28], [45, 29], [46, 28], [46, 29]]
Actions [[43, 28, 'VE']]
Realizing [43, 28, 'VE']
[[43, 28], [43, 29], [44, 28], [44, 29], [45, 28], [45, 29], [46, 28], [46, 29]]
Actions [[43, 28, 'VE']]
Realizing [43, 28, 'VE']
[[43, 28], [43, 29], [44, 28], [44, 29], [45, 28], [45, 29], [46, 28], [46, 29]]
Actions [[43, 28, 'VE']]
Realizing [43, 28, 'VE']
[[43, 28], [43, 29], [44, 28], [44, 29], [45, 28], [45, 29], [46, 28], [46, 29]]
Actions [[43, 28, 'VE']]
Realizing [43, 28, 'VE']
[[43, 28], [43, 29], [44, 28], [44, 29], [45, 28], [45, 29], [46, 28], [46, 29]]
Actions [[43, 28, 'VE']]
Realizing [43, 28, 'VE']
[[43, 28], [43, 29], [44, 28], [44, 29], [45, 28], [45, 29], [46, 28], [46, 29]]
Actions [[43, 28, 'VE']]
Realizing [43, 28, 'VE']
[[43, 28], [43, 29], [44, 28], [44, 29], [45, 28], [45, 29], [46, 28], [46, 29]]
Actions [[43, 28, 'VE']]
Realizing [43, 28, 'VE']
[[43, 28], [43, 29], [44, 28], [44, 29], [45, 28], [45, 29], [46, 28], [46, 29]]
Actions [[43, 28, 'VE']]
Realizing [43, 28, 'VE']
[[43, 28], [43, 29], [44, 28], [44, 29], [45, 28], [45, 29], [46, 28], [46, 29]]
Actions [[43, 28, 'VE']]
Realizing [43, 28, 'VE']
[[43, 28], [43, 29], [44, 28], [44, 29], [45, 28], [45, 29], [46, 28], [46, 29]]
Actions [[43, 28, 'VE']]
Realizing [43, 28, 'VE']
[[43, 28], [43, 29], [44, 28], [44, 29], [45, 28], [45, 29], [46, 28], [46, 29]]
Actions [[43, 28, 'VE']]
Realizing [43, 28, 'VE']
[[43, 28], [43, 29], [44, 28], [44, 29], [45, 28], [45, 29], [46, 28], [46, 29]]
Actions [[43, 28, 'VE']]
Realizing [43, 28, 'VE']
[[43, 28], [43, 29], [44, 28], [44, 29], [45, 28], [45, 29], [46, 28], [46, 29]]
Actions [[43, 28, 'VE']]
Realizing [43, 28, 'VE']
[[43, 28], [43, 29], [44, 28], [44, 29], [45, 28], [45, 29], [46, 28], [46, 29]]
Actions [[43, 28, 'VE']]
Realizing [43, 28, 'VE']
[[43, 28], [43, 29], [44, 28], [44, 29], [45, 28], [45, 29], [46, 28], [46, 29]]
Actions [[43, 28, 'VE']]
Realizing [43, 28, 'VE']
[[43, 28], [43, 29], [44, 28], [44, 29], [45, 28], [45, 29], [46, 28], [46, 29]]
Actions [[43, 28, 'VE']]
Realizing [43, 28, 'VE']
[[43, 28], [43, 29], [44, 28], [44, 29], [45, 28], [45, 29], [46, 28], [46, 29]]
Actions [[43, 29, 'VB'], [43, 29, 'VD']]
Realizing [43, 29, 'VB']
[[43, 29], [44, 28], [44, 29], [45, 28], [45, 29], [46, 28], [46, 29]]
Realizing [43, 29, 'VD']
[[43, 29], [44, 28], [44, 29], [45, 28], [45, 29], [46, 28], [46, 29]]
Actions [[43, 29, 'VD']]
Realizing [43, 29, 'VD']
[[43, 29], [44, 28], [44, 29], [45, 28], [45, 29], [46, 28], [46, 29]]
Actions [[43, 29, 'VD']]
Realizing [43, 29, 'VD']
[[43, 29], [44, 28], [44, 29], [45, 28], [45, 29], [46, 28], [46, 29]]
Actions [[43, 29, 'VD']]
Realizing [43, 29, 'VD']
[[43, 29], [44, 28], [44, 29], [45, 28], [45, 29], [46, 28], [46, 29]]
Actions [[43, 29, 'VD']]
Realizing [43, 29, 'VD']
[[43, 29], [44, 28], [44, 29], [45, 28], [45, 29], [46, 28], [46, 29]]
Actions [[43, 29, 'VD']]
Realizing [43, 29, 'VD']
[[43, 29], [44, 28], [44, 29], [45, 28], [45, 29], [46, 28], [46, 29]]
Actions [[43, 29, 'VD']]
Realizing [43, 29, 'VD']
[[43, 29], [44, 28], [44, 29], [45, 28], [45, 29], [46, 28], [46, 29]]
Actions [[43, 29, 'VD']]
Realizing [43, 29, 'VD']
[[43, 29], [44, 28], [44, 29], [45, 28], [45, 29], [46, 28], [46, 29]]
Actions [[43, 29, 'VD']]
Realizing [43, 29, 'VD']
[[43, 29], [44, 28], [44, 29], [45, 28], [45, 29], [46, 28], [46, 29]]
Actions [[43, 29, 'VD']]
Realizing [43, 29, 'VD']
[[43, 29], [44, 28], [44, 29], [45, 28], [45, 29], [46, 28], [46, 29]]
Actions [[43, 29, 'VD']]
Realizing [43, 29, 'VD']
[[43, 29], [44, 28], [44, 29], [45, 28], [45, 29], [46, 28], [46, 29]]
Actions [[43, 29, 'VD']]
Realizing [43, 29, 'VD']
[[43, 29], [44, 28], [44, 29], [45, 28], [45, 29], [46, 28], [46, 29]]
Actions [[43, 29, 'VD']]
Realizing [43, 29, 'VD']
[[43, 29], [44, 28], [44, 29], [45, 28], [45, 29], [46, 28], [46, 29]]
Actions [[43, 29, 'VD']]
Realizing [43, 29, 'VD']
[[43, 29], [44, 28], [44, 29], [45, 28], [45, 29], [46, 28], [46, 29]]
Actions [[43, 29, 'VD']]
Realizing [43, 29, 'VD']
[[43, 29], [44, 28], [44, 29], [45, 28], [45, 29], [46, 28], [46, 29]]
Actions [[43, 29, 'VD']]
Realizing [43, 29, 'VD']
[[43, 29], [44, 28], [44, 29], [45, 28], [45, 29], [46, 28], [46, 29]]
Actions [[43, 29, 'VD']]
Realizing [43, 29, 'VD']
[[43, 29], [44, 28], [44, 29], [45, 28], [45, 29], [46, 28], [46, 29]]
Actions [[43, 29, 'VD']]
Realizing [43, 29, 'VD']
[[43, 29], [44, 28], [44, 29], [45, 28], [45, 29], [46, 28], [46, 29]]
Actions [[43, 29, 'VD']]
Realizing [43, 29, 'VD']
[[43, 29], [44, 28], [44, 29], [45, 28], [45, 29], [46, 28], [46, 29]]
Actions [[43, 29, 'VD']]
Realizing [43, 29, 'VD']
[[43, 29], [44, 28], [44, 29], [45, 28], [45, 29], [46, 28], [46, 29]]
Actions [[43, 29, 'VD']]
Realizing [43, 29, 'VD']
[[43, 29], [44, 28], [44, 29], [45, 28], [45, 29], [46, 28], [46, 29]]
Actions [[43, 29, 'VD']]
Realizing [43, 29, 'VD']
[[43, 29], [44, 28], [44, 29], [45, 28], [45, 29], [46, 28], [46, 29]]
Actions [[43, 29, 'VD']]
Realizing [43, 29, 'VD']
[[43, 29], [44, 28], [44, 29], [45, 28], [45, 29], [46, 28], [46, 29]]
Actions [[43, 29, 'VD']]
Realizing [43, 29, 'VD']
[[43, 29], [44, 28], [44, 29], [45, 28], [45, 29], [46, 28], [46, 29]]
Actions [[43, 29, 'VD']]
Realizing [43, 29, 'VD']
[[43, 29], [44, 28], [44, 29], [45, 28], [45, 29], [46, 28], [46, 29]]
Actions [[43, 29, 'VD']]
Realizing [43, 29, 'VD']
[[43, 29], [44, 28], [44, 29], [45, 28], [45, 29], [46, 28], [46, 29]]
Actions [[43, 29, 'VD']]
Realizing [43, 29, 'VD']
[[43, 29], [44, 28], [44, 29], [45, 28], [45, 29], [46, 28], [46, 29]]
Actions [[43, 29, 'VD']]
Realizing [43, 29, 'VD']
[[43, 29], [44, 28], [44, 29], [45, 28], [45, 29], [46, 28], [46, 29]]
Actions [[43, 29, 'VD']]
Realizing [43, 29, 'VD']
[[43, 29], [44, 28], [44, 29], [45, 28], [45, 29], [46, 28], [46, 29]]
Actions [[43, 29, 'VD']]
Realizing [43, 29, 'VD']
[[43, 29], [44, 28], [44, 29], [45, 28], [45, 29], [46, 28], [46, 29]]
Actions [[43, 29, 'VD']]
Realizing [43, 29, 'VD']
[[43, 29], [44, 28], [44, 29], [45, 28], [45, 29], [46, 28], [46, 29]]
Actions [[43, 29, 'VD']]
Realizing [43, 29, 'VD']
[[43, 29], [44, 28], [44, 29], [45, 28], [45, 29], [46, 28], [46, 29]]
Actions [[43, 29, 'VD']]
Realizing [43, 29, 'VD']
[[43, 29], [44, 28], [44, 29], [45, 28], [45, 29], [46, 28], [46, 29]]
Actions [[43, 29, 'VD']]
Realizing [43, 29, 'VD']
[[43, 29], [44, 28], [44, 29], [45, 28], [45, 29], [46, 28], [46, 29]]
Actions [[43, 29, 'VD']]
Realizing [43, 29, 'VD']
[[43, 29], [44, 28], [44, 29], [45, 28], [45, 29], [46, 28], [46, 29]]
Actions [[43, 29, 'VD']]
Realizing [43, 29, 'VD']
[[43, 29], [44, 28], [44, 29], [45, 28], [45, 29], [46, 28], [46, 29]]
Actions [[43, 29, 'VD']]
Realizing [43, 29, 'VD']
[[43, 29], [44, 28], [44, 29], [45, 28], [45, 29], [46, 28], [46, 29]]
Actions [[43, 29, 'VD']]
Realizing [43, 29, 'VD']
[[43, 29], [44, 28], [44, 29], [45, 28], [45, 29], [46, 28], [46, 29]]
Actions [[43, 29, 'VD']]
Realizing [43, 29, 'VD']
[[43, 29], [44, 28], [44, 29], [45, 28], [45, 29], [46, 28], [46, 29]]
Actions [[43, 29, 'VD']]
Realizing [43, 29, 'VD']
[[43, 29], [44, 28], [44, 29], [45, 28], [45, 29], [46, 28], [46, 29]]
Actions [[43, 29, 'VD']]
Realizing [43, 29, 'VD']
[[43, 29], [44, 28], [44, 29], [45, 28], [45, 29], [46, 28], [46, 29]]
Actions [[43, 29, 'VD']]
Realizing [43, 29, 'VD']
[[43, 29], [44, 28], [44, 29], [45, 28], [45, 29], [46, 28], [46, 29]]
Actions [[43, 29, 'VD']]
Realizing [43, 29, 'VD']
[[43, 29], [44, 28], [44, 29], [45, 28], [45, 29], [46, 28], [46, 29]]
Actions [[43, 29, 'VD']]
Realizing [43, 29, 'VD']
[[43, 29], [44, 28], [44, 29], [45, 28], [45, 29], [46, 28], [46, 29]]
Actions [[43, 29, 'VD']]
Realizing [43, 29, 'VD']
[[43, 29], [44, 28], [44, 29], [45, 28], [45, 29], [46, 28], [46, 29]]
Actions [[43, 29, 'VD']]
Realizing [43, 29, 'VD']
[[43, 29], [44, 28], [44, 29], [45, 28], [45, 29], [46, 28], [46, 29]]
Actions [[43, 29, 'VD']]
Realizing [43, 29, 'VD']
[[43, 29], [44, 28], [44, 29], [45, 28], [45, 29], [46, 28], [46, 29]]
Actions [[43, 29, 'VD']]
Realizing [43, 29, 'VD']
[[43, 29], [44, 28], [44, 29], [45, 28], [45, 29], [46, 28], [46, 29]]
Actions [[43, 29, 'VD']]
Realizing [43, 29, 'VD']
[[43, 29], [44, 28], [44, 29], [45, 28], [45, 29], [46, 28], [46, 29]]
Actions [[43, 29, 'VD']]
Realizing [43, 29, 'VD']
[[43, 29], [44, 28], [44, 29], [45, 28], [45, 29], [46, 28], [46, 29]]
Actions [[43, 29, 'VD']]
Realizing [43, 29, 'VD']
[[43, 29], [44, 28], [44, 29], [45, 28], [45, 29], [46, 28], [46, 29]]
Actions [[43, 29, 'VD']]
Realizing [43, 29, 'VD']
[[43, 29], [44, 28], [44, 29], [45, 28], [45, 29], [46, 28], [46, 29]]
Actions [[43, 29, 'VD']]
Realizing [43, 29, 'VD']
[[43, 29], [44, 28], [44, 29], [45, 28], [45, 29], [46, 28], [46, 29]]
Actions [[43, 29, 'VD']]
Realizing [43, 29, 'VD']
[[43, 29], [44, 28], [44, 29], [45, 28], [45, 29], [46, 28], [46, 29]]
Actions [[43, 29, 'VD']]
Realizing [43, 29, 'VD']
[[43, 29], [44, 28], [44, 29], [45, 28], [45, 29], [46, 28], [46, 29]]
Actions [[43, 29, 'VD']]
Realizing [43, 29, 'VD']
[[43, 29], [44, 28], [44, 29], [45, 28], [45, 29], [46, 28], [46, 29]]
Actions [[44, 28, 'VC'], [44, 28, 'VE']]
Realizing [44, 28, 'VC']
[[44, 28], [44, 29], [45, 28], [45, 29], [46, 28], [46, 29]]
Realizing [44, 28, 'VE']
[[44, 28], [44, 29], [45, 28], [45, 29], [46, 28], [46, 29]]
Actions [[44, 28, 'VE']]
Realizing [44, 28, 'VE']
[[44, 28], [44, 29], [45, 28], [45, 29], [46, 28], [46, 29]]
Actions [[44, 28, 'VE']]
Realizing [44, 28, 'VE']
[[44, 28], [44, 29], [45, 28], [45, 29], [46, 28], [46, 29]]
Actions [[44, 28, 'VE']]
Realizing [44, 28, 'VE']
[[44, 28], [44, 29], [45, 28], [45, 29], [46, 28], [46, 29]]
Actions [[44, 28, 'VE']]
Realizing [44, 28, 'VE']
[[44, 28], [44, 29], [45, 28], [45, 29], [46, 28], [46, 29]]
Actions [[44, 28, 'VE']]
Realizing [44, 28, 'VE']
[[44, 28], [44, 29], [45, 28], [45, 29], [46, 28], [46, 29]]
Actions [[44, 28, 'VE']]
Realizing [44, 28, 'VE']
[[44, 28], [44, 29], [45, 28], [45, 29], [46, 28], [46, 29]]
Actions [[44, 28, 'VE']]
Realizing [44, 28, 'VE']
[[44, 28], [44, 29], [45, 28], [45, 29], [46, 28], [46, 29]]
Actions [[44, 28, 'VE']]
Realizing [44, 28, 'VE']
[[44, 28], [44, 29], [45, 28], [45, 29], [46, 28], [46, 29]]
Actions [[44, 28, 'VE']]
Realizing [44, 28, 'VE']
[[44, 28], [44, 29], [45, 28], [45, 29], [46, 28], [46, 29]]
Actions [[44, 28, 'VE']]
Realizing [44, 28, 'VE']
[[44, 28], [44, 29], [45, 28], [45, 29], [46, 28], [46, 29]]
Actions [[44, 28, 'VE']]
Realizing [44, 28, 'VE']
[[44, 28], [44, 29], [45, 28], [45, 29], [46, 28], [46, 29]]
Actions [[44, 28, 'VE']]
Realizing [44, 28, 'VE']
[[44, 28], [44, 29], [45, 28], [45, 29], [46, 28], [46, 29]]
Actions [[44, 28, 'VE']]
Realizing [44, 28, 'VE']
[[44, 28], [44, 29], [45, 28], [45, 29], [46, 28], [46, 29]]
Actions [[44, 28, 'VE']]
Realizing [44, 28, 'VE']
[[44, 28], [44, 29], [45, 28], [45, 29], [46, 28], [46, 29]]
Actions [[44, 28, 'VE']]
Realizing [44, 28, 'VE']
[[44, 28], [44, 29], [45, 28], [45, 29], [46, 28], [46, 29]]
Actions [[44, 28, 'VE']]
Realizing [44, 28, 'VE']
[[44, 28], [44, 29], [45, 28], [45, 29], [46, 28], [46, 29]]
Actions [[44, 28, 'VE']]
Realizing [44, 28, 'VE']
[[44, 28], [44, 29], [45, 28], [45, 29], [46, 28], [46, 29]]
Actions [[44, 28, 'VE']]
Realizing [44, 28, 'VE']
[[44, 28], [44, 29], [45, 28], [45, 29], [46, 28], [46, 29]]
Actions [[44, 28, 'VE']]
Realizing [44, 28, 'VE']
[[44, 28], [44, 29], [45, 28], [45, 29], [46, 28], [46, 29]]
Actions [[44, 28, 'VE']]
Realizing [44, 28, 'VE']
[[44, 28], [44, 29], [45, 28], [45, 29], [46, 28], [46, 29]]
Actions [[44, 28, 'VE']]
Realizing [44, 28, 'VE']
[[44, 28], [44, 29], [45, 28], [45, 29], [46, 28], [46, 29]]
Actions [[44, 28, 'VE']]
Realizing [44, 28, 'VE']
[[44, 28], [44, 29], [45, 28], [45, 29], [46, 28], [46, 29]]
Actions [[44, 28, 'VE']]
Realizing [44, 28, 'VE']
[[44, 28], [44, 29], [45, 28], [45, 29], [46, 28], [46, 29]]
Actions [[44, 28, 'VE']]
Realizing [44, 28, 'VE']
[[44, 28], [44, 29], [45, 28], [45, 29], [46, 28], [46, 29]]
Actions [[44, 28, 'VE']]
Realizing [44, 28, 'VE']
[[44, 28], [44, 29], [45, 28], [45, 29], [46, 28], [46, 29]]
Actions [[44, 28, 'VE']]
Realizing [44, 28, 'VE']
[[44, 28], [44, 29], [45, 28], [45, 29], [46, 28], [46, 29]]
Actions [[44, 28, 'VE']]
Realizing [44, 28, 'VE']
[[44, 28], [44, 29], [45, 28], [45, 29], [46, 28], [46, 29]]
Actions [[44, 28, 'VE']]
Realizing [44, 28, 'VE']
[[44, 28], [44, 29], [45, 28], [45, 29], [46, 28], [46, 29]]
Actions [[44, 28, 'VE']]
Realizing [44, 28, 'VE']
[[44, 28], [44, 29], [45, 28], [45, 29], [46, 28], [46, 29]]
Actions [[44, 28, 'VE']]
Realizing [44, 28, 'VE']
[[44, 28], [44, 29], [45, 28], [45, 29], [46, 28], [46, 29]]
Actions [[44, 28, 'VE']]
Realizing [44, 28, 'VE']
[[44, 28], [44, 29], [45, 28], [45, 29], [46, 28], [46, 29]]
Actions [[44, 28, 'VE']]
Realizing [44, 28, 'VE']
[[44, 28], [44, 29], [45, 28], [45, 29], [46, 28], [46, 29]]
Actions [[44, 28, 'VE']]
Realizing [44, 28, 'VE']
[[44, 28], [44, 29], [45, 28], [45, 29], [46, 28], [46, 29]]
Actions [[44, 28, 'VE']]
Realizing [44, 28, 'VE']
[[44, 28], [44, 29], [45, 28], [45, 29], [46, 28], [46, 29]]
Actions [[44, 28, 'VE']]
Realizing [44, 28, 'VE']
[[44, 28], [44, 29], [45, 28], [45, 29], [46, 28], [46, 29]]
Actions [[44, 28, 'VE']]
Realizing [44, 28, 'VE']
[[44, 28], [44, 29], [45, 28], [45, 29], [46, 28], [46, 29]]
Actions [[44, 28, 'VE']]
Realizing [44, 28, 'VE']
[[44, 28], [44, 29], [45, 28], [45, 29], [46, 28], [46, 29]]
Actions [[44, 28, 'VE']]
Realizing [44, 28, 'VE']
[[44, 28], [44, 29], [45, 28], [45, 29], [46, 28], [46, 29]]
Actions [[44, 28, 'VE']]
Realizing [44, 28, 'VE']
[[44, 28], [44, 29], [45, 28], [45, 29], [46, 28], [46, 29]]
Actions [[44, 28, 'VE']]
Realizing [44, 28, 'VE']
[[44, 28], [44, 29], [45, 28], [45, 29], [46, 28], [46, 29]]
Actions [[44, 28, 'VE']]
Realizing [44, 28, 'VE']
[[44, 28], [44, 29], [45, 28], [45, 29], [46, 28], [46, 29]]
Actions [[44, 28, 'VE']]
Realizing [44, 28, 'VE']
[[44, 28], [44, 29], [45, 28], [45, 29], [46, 28], [46, 29]]
Actions [[44, 28, 'VE']]
Realizing [44, 28, 'VE']
[[44, 28], [44, 29], [45, 28], [45, 29], [46, 28], [46, 29]]
Actions [[44, 28, 'VE']]
Realizing [44, 28, 'VE']
[[44, 28], [44, 29], [45, 28], [45, 29], [46, 28], [46, 29]]
Actions [[44, 28, 'VE']]
Realizing [44, 28, 'VE']
[[44, 28], [44, 29], [45, 28], [45, 29], [46, 28], [46, 29]]
Actions [[44, 28, 'VE']]
Realizing [44, 28, 'VE']
[[44, 28], [44, 29], [45, 28], [45, 29], [46, 28], [46, 29]]
Actions [[44, 28, 'VE']]
Realizing [44, 28, 'VE']
[[44, 28], [44, 29], [45, 28], [45, 29], [46, 28], [46, 29]]
Actions [[44, 28, 'VE']]
Realizing [44, 28, 'VE']
[[44, 28], [44, 29], [45, 28], [45, 29], [46, 28], [46, 29]]
Actions [[44, 28, 'VE']]
Realizing [44, 28, 'VE']
[[44, 28], [44, 29], [45, 28], [45, 29], [46, 28], [46, 29]]
Actions [[44, 28, 'VE']]
Realizing [44, 28, 'VE']
[[44, 28], [44, 29], [45, 28], [45, 29], [46, 28], [46, 29]]
Actions [[44, 28, 'VE']]
Realizing [44, 28, 'VE']
[[44, 28], [44, 29], [45, 28], [45, 29], [46, 28], [46, 29]]
Actions [[44, 28, 'VE']]
Realizing [44, 28, 'VE']
[[44, 28], [44, 29], [45, 28], [45, 29], [46, 28], [46, 29]]
Actions [[44, 28, 'VE']]
Realizing [44, 28, 'VE']
[[44, 28], [44, 29], [45, 28], [45, 29], [46, 28], [46, 29]]
Actions [[44, 28, 'VE']]
Realizing [44, 28, 'VE']
[[44, 28], [44, 29], [45, 28], [45, 29], [46, 28], [46, 29]]
Actions [[44, 28, 'VE']]
Realizing [44, 28, 'VE']
[[44, 28], [44, 29], [45, 28], [45, 29], [46, 28], [46, 29]]
Actions [[44, 28, 'VE']]
Realizing [44, 28, 'VE']
[[44, 28], [44, 29], [45, 28], [45, 29], [46, 28], [46, 29]]
Actions [[44, 29, 'VB'], [44, 29, 'VD']]
Realizing [44, 29, 'VB']
[[44, 29], [45, 28], [45, 29], [46, 28], [46, 29]]
Realizing [44, 29, 'VD']
[[44, 29], [45, 28], [45, 29], [46, 28], [46, 29]]
Actions [[44, 29, 'VD']]
Realizing [44, 29, 'VD']
[[44, 29], [45, 28], [45, 29], [46, 28], [46, 29]]
Actions [[44, 29, 'VD']]
Realizing [44, 29, 'VD']
[[44, 29], [45, 28], [45, 29], [46, 28], [46, 29]]
Actions [[44, 29, 'VD']]
Realizing [44, 29, 'VD']
[[44, 29], [45, 28], [45, 29], [46, 28], [46, 29]]
Actions [[44, 29, 'VD']]
Realizing [44, 29, 'VD']
[[44, 29], [45, 28], [45, 29], [46, 28], [46, 29]]
Actions [[44, 29, 'VD']]
Realizing [44, 29, 'VD']
[[44, 29], [45, 28], [45, 29], [46, 28], [46, 29]]
Actions [[44, 29, 'VD']]
Realizing [44, 29, 'VD']
[[44, 29], [45, 28], [45, 29], [46, 28], [46, 29]]
Actions [[44, 29, 'VD']]
Realizing [44, 29, 'VD']
[[44, 29], [45, 28], [45, 29], [46, 28], [46, 29]]
Actions [[44, 29, 'VD']]
Realizing [44, 29, 'VD']
[[44, 29], [45, 28], [45, 29], [46, 28], [46, 29]]
Actions [[44, 29, 'VD']]
Realizing [44, 29, 'VD']
[[44, 29], [45, 28], [45, 29], [46, 28], [46, 29]]
Actions [[44, 29, 'VD']]
Realizing [44, 29, 'VD']
[[44, 29], [45, 28], [45, 29], [46, 28], [46, 29]]
Actions [[44, 29, 'VD']]
Realizing [44, 29, 'VD']
[[44, 29], [45, 28], [45, 29], [46, 28], [46, 29]]
Actions [[44, 29, 'VD']]
Realizing [44, 29, 'VD']
[[44, 29], [45, 28], [45, 29], [46, 28], [46, 29]]
Actions [[44, 29, 'VD']]
Realizing [44, 29, 'VD']
[[44, 29], [45, 28], [45, 29], [46, 28], [46, 29]]
Actions [[44, 29, 'VD']]
Realizing [44, 29, 'VD']
[[44, 29], [45, 28], [45, 29], [46, 28], [46, 29]]
Actions [[44, 29, 'VD']]
Realizing [44, 29, 'VD']
[[44, 29], [45, 28], [45, 29], [46, 28], [46, 29]]
Actions [[44, 29, 'VD']]
Realizing [44, 29, 'VD']
[[44, 29], [45, 28], [45, 29], [46, 28], [46, 29]]
Actions [[44, 29, 'VD']]
Realizing [44, 29, 'VD']
[[44, 29], [45, 28], [45, 29], [46, 28], [46, 29]]
Actions [[44, 29, 'VD']]
Realizing [44, 29, 'VD']
[[44, 29], [45, 28], [45, 29], [46, 28], [46, 29]]
Actions [[44, 29, 'VD']]
Realizing [44, 29, 'VD']
[[44, 29], [45, 28], [45, 29], [46, 28], [46, 29]]
Actions [[44, 29, 'VD']]
Realizing [44, 29, 'VD']
[[44, 29], [45, 28], [45, 29], [46, 28], [46, 29]]
Actions [[44, 29, 'VD']]
Realizing [44, 29, 'VD']
[[44, 29], [45, 28], [45, 29], [46, 28], [46, 29]]
Actions [[44, 29, 'VD']]
Realizing [44, 29, 'VD']
[[44, 29], [45, 28], [45, 29], [46, 28], [46, 29]]
Actions [[44, 29, 'VD']]
Realizing [44, 29, 'VD']
[[44, 29], [45, 28], [45, 29], [46, 28], [46, 29]]
Actions [[44, 29, 'VD']]
Realizing [44, 29, 'VD']
[[44, 29], [45, 28], [45, 29], [46, 28], [46, 29]]
Actions [[44, 29, 'VD']]
Realizing [44, 29, 'VD']
[[44, 29], [45, 28], [45, 29], [46, 28], [46, 29]]
Actions [[44, 29, 'VD']]
Realizing [44, 29, 'VD']
[[44, 29], [45, 28], [45, 29], [46, 28], [46, 29]]
Actions [[44, 29, 'VD']]
Realizing [44, 29, 'VD']
[[44, 29], [45, 28], [45, 29], [46, 28], [46, 29]]
Actions [[44, 29, 'VD']]
Realizing [44, 29, 'VD']
[[44, 29], [45, 28], [45, 29], [46, 28], [46, 29]]
Actions [[44, 29, 'VD']]
Realizing [44, 29, 'VD']
[[44, 29], [45, 28], [45, 29], [46, 28], [46, 29]]
Actions [[44, 29, 'VD']]
Realizing [44, 29, 'VD']
[[44, 29], [45, 28], [45, 29], [46, 28], [46, 29]]
Actions [[44, 29, 'VD']]
Realizing [44, 29, 'VD']
[[44, 29], [45, 28], [45, 29], [46, 28], [46, 29]]
Actions [[44, 29, 'VD']]
Realizing [44, 29, 'VD']
[[44, 29], [45, 28], [45, 29], [46, 28], [46, 29]]
Actions [[44, 29, 'VD']]
Realizing [44, 29, 'VD']
[[44, 29], [45, 28], [45, 29], [46, 28], [46, 29]]
Actions [[44, 29, 'VD']]
Realizing [44, 29, 'VD']
[[44, 29], [45, 28], [45, 29], [46, 28], [46, 29]]
Actions [[44, 29, 'VD']]
Realizing [44, 29, 'VD']
[[44, 29], [45, 28], [45, 29], [46, 28], [46, 29]]
Actions [[44, 29, 'VD']]
Realizing [44, 29, 'VD']
[[44, 29], [45, 28], [45, 29], [46, 28], [46, 29]]
Actions [[44, 29, 'VD']]
Realizing [44, 29, 'VD']
[[44, 29], [45, 28], [45, 29], [46, 28], [46, 29]]
Actions [[44, 29, 'VD']]
Realizing [44, 29, 'VD']
[[44, 29], [45, 28], [45, 29], [46, 28], [46, 29]]
Actions [[44, 29, 'VD']]
Realizing [44, 29, 'VD']
[[44, 29], [45, 28], [45, 29], [46, 28], [46, 29]]
Actions [[44, 29, 'VD']]
Realizing [44, 29, 'VD']
[[44, 29], [45, 28], [45, 29], [46, 28], [46, 29]]
Actions [[44, 29, 'VD']]
Realizing [44, 29, 'VD']
[[44, 29], [45, 28], [45, 29], [46, 28], [46, 29]]
Actions [[44, 29, 'VD']]
Realizing [44, 29, 'VD']
[[44, 29], [45, 28], [45, 29], [46, 28], [46, 29]]
Actions [[44, 29, 'VD']]
Realizing [44, 29, 'VD']
[[44, 29], [45, 28], [45, 29], [46, 28], [46, 29]]
Actions [[44, 29, 'VD']]
Realizing [44, 29, 'VD']
[[44, 29], [45, 28], [45, 29], [46, 28], [46, 29]]
Actions [[44, 29, 'VD']]
Realizing [44, 29, 'VD']
[[44, 29], [45, 28], [45, 29], [46, 28], [46, 29]]
Actions [[44, 29, 'VD']]
Realizing [44, 29, 'VD']
[[44, 29], [45, 28], [45, 29], [46, 28], [46, 29]]
Actions [[44, 29, 'VD']]
Realizing [44, 29, 'VD']
[[44, 29], [45, 28], [45, 29], [46, 28], [46, 29]]
Actions [[44, 29, 'VD']]
Realizing [44, 29, 'VD']
[[44, 29], [45, 28], [45, 29], [46, 28], [46, 29]]
Actions [[44, 29, 'VD']]
Realizing [44, 29, 'VD']
[[44, 29], [45, 28], [45, 29], [46, 28], [46, 29]]
Actions [[44, 29, 'VD']]
Realizing [44, 29, 'VD']
[[44, 29], [45, 28], [45, 29], [46, 28], [46, 29]]
Actions [[44, 29, 'VD']]
Realizing [44, 29, 'VD']
[[44, 29], [45, 28], [45, 29], [46, 28], [46, 29]]
Actions [[44, 29, 'VD']]
Realizing [44, 29, 'VD']
[[44, 29], [45, 28], [45, 29], [46, 28], [46, 29]]
Actions [[44, 29, 'VD']]
Realizing [44, 29, 'VD']
[[44, 29], [45, 28], [45, 29], [46, 28], [46, 29]]
Actions [[44, 29, 'VD']]
Realizing [44, 29, 'VD']
[[44, 29], [45, 28], [45, 29], [46, 28], [46, 29]]
Actions [[44, 29, 'VD']]
Realizing [44, 29, 'VD']
[[44, 29], [45, 28], [45, 29], [46, 28], [46, 29]]
Actions [[44, 29, 'VD']]
Realizing [44, 29, 'VD']
[[44, 29], [45, 28], [45, 29], [46, 28], [46, 29]]
Actions [[44, 29, 'VD']]
Realizing [44, 29, 'VD']
[[44, 29], [45, 28], [45, 29], [46, 28], [46, 29]]
Actions [[45, 28, 'VB'], [45, 28, 'VD']]
Realizing [45, 28, 'VB']
[[45, 28], [45, 29], [46, 28], [46, 29]]
Realizing [45, 28, 'VD']
[[45, 28], [45, 29], [46, 28], [46, 29]]
Actions [[45, 28, 'VD']]
Realizing [45, 28, 'VD']
[[45, 28], [45, 29], [46, 28], [46, 29]]
Actions [[45, 28, 'VD']]
Realizing [45, 28, 'VD']
[[45, 28], [45, 29], [46, 28], [46, 29]]
Actions [[45, 28, 'VD']]
Realizing [45, 28, 'VD']
[[45, 28], [45, 29], [46, 28], [46, 29]]
Actions [[45, 28, 'VD']]
Realizing [45, 28, 'VD']
[[45, 28], [45, 29], [46, 28], [46, 29]]
Actions [[45, 28, 'VD']]
Realizing [45, 28, 'VD']
[[45, 28], [45, 29], [46, 28], [46, 29]]
Actions [[45, 28, 'VD']]
Realizing [45, 28, 'VD']
[[45, 28], [45, 29], [46, 28], [46, 29]]
Actions [[45, 28, 'VD']]
Realizing [45, 28, 'VD']
[[45, 28], [45, 29], [46, 28], [46, 29]]
Actions [[45, 28, 'VD']]
Realizing [45, 28, 'VD']
[[45, 28], [45, 29], [46, 28], [46, 29]]
Actions [[45, 28, 'VD']]
Realizing [45, 28, 'VD']
[[45, 28], [45, 29], [46, 28], [46, 29]]
Actions [[45, 28, 'VD']]
Realizing [45, 28, 'VD']
[[45, 28], [45, 29], [46, 28], [46, 29]]
Actions [[45, 28, 'VD']]
Realizing [45, 28, 'VD']
[[45, 28], [45, 29], [46, 28], [46, 29]]
Actions [[45, 28, 'VD']]
Realizing [45, 28, 'VD']
[[45, 28], [45, 29], [46, 28], [46, 29]]
Actions [[45, 28, 'VD']]
Realizing [45, 28, 'VD']
[[45, 28], [45, 29], [46, 28], [46, 29]]
Actions [[45, 28, 'VD']]
Realizing [45, 28, 'VD']
[[45, 28], [45, 29], [46, 28], [46, 29]]
Actions [[45, 28, 'VD']]
Realizing [45, 28, 'VD']
[[45, 28], [45, 29], [46, 28], [46, 29]]
Actions [[45, 28, 'VD']]
Realizing [45, 28, 'VD']
[[45, 28], [45, 29], [46, 28], [46, 29]]
Actions [[45, 28, 'VD']]
Realizing [45, 28, 'VD']
[[45, 28], [45, 29], [46, 28], [46, 29]]
Actions [[45, 28, 'VD']]
Realizing [45, 28, 'VD']
[[45, 28], [45, 29], [46, 28], [46, 29]]
Actions [[45, 28, 'VD']]
Realizing [45, 28, 'VD']
[[45, 28], [45, 29], [46, 28], [46, 29]]
Actions [[45, 28, 'VD']]
Realizing [45, 28, 'VD']
[[45, 28], [45, 29], [46, 28], [46, 29]]
Actions [[45, 28, 'VD']]
Realizing [45, 28, 'VD']
[[45, 28], [45, 29], [46, 28], [46, 29]]
Actions [[45, 28, 'VD']]
Realizing [45, 28, 'VD']
[[45, 28], [45, 29], [46, 28], [46, 29]]
Actions [[45, 28, 'VD']]
Realizing [45, 28, 'VD']
[[45, 28], [45, 29], [46, 28], [46, 29]]
Actions [[45, 28, 'VD']]
Realizing [45, 28, 'VD']
[[45, 28], [45, 29], [46, 28], [46, 29]]
Actions [[45, 28, 'VD']]
Realizing [45, 28, 'VD']
[[45, 28], [45, 29], [46, 28], [46, 29]]
Actions [[45, 28, 'VD']]
Realizing [45, 28, 'VD']
[[45, 28], [45, 29], [46, 28], [46, 29]]
Actions [[45, 28, 'VD']]
Realizing [45, 28, 'VD']
[[45, 28], [45, 29], [46, 28], [46, 29]]
Actions [[45, 28, 'VD']]
Realizing [45, 28, 'VD']
[[45, 28], [45, 29], [46, 28], [46, 29]]
Actions [[45, 28, 'VD']]
Realizing [45, 28, 'VD']
[[45, 28], [45, 29], [46, 28], [46, 29]]
Actions [[45, 28, 'VD']]
Realizing [45, 28, 'VD']
[[45, 28], [45, 29], [46, 28], [46, 29]]
Actions [[45, 28, 'VD']]
Realizing [45, 28, 'VD']
[[45, 28], [45, 29], [46, 28], [46, 29]]
Actions [[45, 28, 'VD']]
Realizing [45, 28, 'VD']
[[45, 28], [45, 29], [46, 28], [46, 29]]
Actions [[45, 28, 'VD']]
Realizing [45, 28, 'VD']
[[45, 28], [45, 29], [46, 28], [46, 29]]
Actions [[45, 28, 'VD']]
Realizing [45, 28, 'VD']
[[45, 28], [45, 29], [46, 28], [46, 29]]
Actions [[45, 28, 'VD']]
Realizing [45, 28, 'VD']
[[45, 28], [45, 29], [46, 28], [46, 29]]
Actions [[45, 28, 'VD']]
Realizing [45, 28, 'VD']
[[45, 28], [45, 29], [46, 28], [46, 29]]
Actions [[45, 28, 'VD']]
Realizing [45, 28, 'VD']
[[45, 28], [45, 29], [46, 28], [46, 29]]
Actions [[45, 28, 'VD']]
Realizing [45, 28, 'VD']
[[45, 28], [45, 29], [46, 28], [46, 29]]
Actions [[45, 28, 'VD']]
Realizing [45, 28, 'VD']
[[45, 28], [45, 29], [46, 28], [46, 29]]
Actions [[45, 28, 'VD']]
Realizing [45, 28, 'VD']
[[45, 28], [45, 29], [46, 28], [46, 29]]
Actions [[45, 28, 'VD']]
Realizing [45, 28, 'VD']
[[45, 28], [45, 29], [46, 28], [46, 29]]
Actions [[45, 28, 'VD']]
Realizing [45, 28, 'VD']
[[45, 28], [45, 29], [46, 28], [46, 29]]
Actions [[45, 28, 'VD']]
Realizing [45, 28, 'VD']
[[45, 28], [45, 29], [46, 28], [46, 29]]
Actions [[45, 28, 'VD']]
Realizing [45, 28, 'VD']
[[45, 28], [45, 29], [46, 28], [46, 29]]
Actions [[45, 28, 'VD']]
Realizing [45, 28, 'VD']
[[45, 28], [45, 29], [46, 28], [46, 29]]
Actions [[45, 28, 'VD']]
Realizing [45, 28, 'VD']
[[45, 28], [45, 29], [46, 28], [46, 29]]
Actions [[45, 28, 'VD']]
Realizing [45, 28, 'VD']
[[45, 28], [45, 29], [46, 28], [46, 29]]
Actions [[45, 28, 'VD']]
Realizing [45, 28, 'VD']
[[45, 28], [45, 29], [46, 28], [46, 29]]
Actions [[45, 28, 'VD']]
Realizing [45, 28, 'VD']
[[45, 28], [45, 29], [46, 28], [46, 29]]
Actions [[45, 28, 'VD']]
Realizing [45, 28, 'VD']
[[45, 28], [45, 29], [46, 28], [46, 29]]
Actions [[45, 28, 'VD']]
Realizing [45, 28, 'VD']
[[45, 28], [45, 29], [46, 28], [46, 29]]
Actions [[45, 28, 'VD']]
Realizing [45, 28, 'VD']
[[45, 28], [45, 29], [46, 28], [46, 29]]
Actions [[45, 28, 'VD']]
Realizing [45, 28, 'VD']
[[45, 28], [45, 29], [46, 28], [46, 29]]
Actions [[45, 28, 'VD']]
Realizing [45, 28, 'VD']
[[45, 28], [45, 29], [46, 28], [46, 29]]
Actions [[45, 28, 'VD']]
Realizing [45, 28, 'VD']
[[45, 28], [45, 29], [46, 28], [46, 29]]
Actions [[45, 28, 'VD']]
Realizing [45, 28, 'VD']
[[45, 28], [45, 29], [46, 28], [46, 29]]
Actions [[45, 28, 'VD']]
Realizing [45, 28, 'VD']
[[45, 28], [45, 29], [46, 28], [46, 29]]
Actions [[45, 28, 'VD']]
Realizing [45, 28, 'VD']
[[45, 28], [45, 29], [46, 28], [46, 29]]
Actions [[45, 29, 'VC'], [45, 29, 'VE']]
Realizing [45, 29, 'VC']
[[45, 29], [46, 28], [46, 29]]
Realizing [45, 29, 'VE']
[[45, 29], [46, 28], [46, 29]]
Actions [[45, 29, 'VE']]
Realizing [45, 29, 'VE']
[[45, 29], [46, 28], [46, 29]]
Actions [[45, 29, 'VE']]
Realizing [45, 29, 'VE']
[[45, 29], [46, 28], [46, 29]]
Actions [[45, 29, 'VE']]
Realizing [45, 29, 'VE']
[[45, 29], [46, 28], [46, 29]]
Actions [[45, 29, 'VE']]
Realizing [45, 29, 'VE']
[[45, 29], [46, 28], [46, 29]]
Actions [[45, 29, 'VE']]
Realizing [45, 29, 'VE']
[[45, 29], [46, 28], [46, 29]]
Actions [[45, 29, 'VE']]
Realizing [45, 29, 'VE']
[[45, 29], [46, 28], [46, 29]]
Actions [[45, 29, 'VE']]
Realizing [45, 29, 'VE']
[[45, 29], [46, 28], [46, 29]]
Actions [[45, 29, 'VE']]
Realizing [45, 29, 'VE']
[[45, 29], [46, 28], [46, 29]]
Actions [[45, 29, 'VE']]
Realizing [45, 29, 'VE']
[[45, 29], [46, 28], [46, 29]]
Actions [[45, 29, 'VE']]
Realizing [45, 29, 'VE']
[[45, 29], [46, 28], [46, 29]]
Actions [[45, 29, 'VE']]
Realizing [45, 29, 'VE']
[[45, 29], [46, 28], [46, 29]]
Actions [[45, 29, 'VE']]
Realizing [45, 29, 'VE']
[[45, 29], [46, 28], [46, 29]]
Actions [[45, 29, 'VE']]
Realizing [45, 29, 'VE']
[[45, 29], [46, 28], [46, 29]]
Actions [[45, 29, 'VE']]
Realizing [45, 29, 'VE']
[[45, 29], [46, 28], [46, 29]]
Actions [[45, 29, 'VE']]
Realizing [45, 29, 'VE']
[[45, 29], [46, 28], [46, 29]]
Actions [[45, 29, 'VE']]
Realizing [45, 29, 'VE']
[[45, 29], [46, 28], [46, 29]]
Actions [[45, 29, 'VE']]
Realizing [45, 29, 'VE']
[[45, 29], [46, 28], [46, 29]]
Actions [[45, 29, 'VE']]
Realizing [45, 29, 'VE']
[[45, 29], [46, 28], [46, 29]]
Actions [[45, 29, 'VE']]
Realizing [45, 29, 'VE']
[[45, 29], [46, 28], [46, 29]]
Actions [[45, 29, 'VE']]
Realizing [45, 29, 'VE']
[[45, 29], [46, 28], [46, 29]]
Actions [[45, 29, 'VE']]
Realizing [45, 29, 'VE']
[[45, 29], [46, 28], [46, 29]]
Actions [[45, 29, 'VE']]
Realizing [45, 29, 'VE']
[[45, 29], [46, 28], [46, 29]]
Actions [[45, 29, 'VE']]
Realizing [45, 29, 'VE']
[[45, 29], [46, 28], [46, 29]]
Actions [[45, 29, 'VE']]
Realizing [45, 29, 'VE']
[[45, 29], [46, 28], [46, 29]]
Actions [[45, 29, 'VE']]
Realizing [45, 29, 'VE']
[[45, 29], [46, 28], [46, 29]]
Actions [[45, 29, 'VE']]
Realizing [45, 29, 'VE']
[[45, 29], [46, 28], [46, 29]]
Actions [[45, 29, 'VE']]
Realizing [45, 29, 'VE']
[[45, 29], [46, 28], [46, 29]]
Actions [[45, 29, 'VE']]
Realizing [45, 29, 'VE']
[[45, 29], [46, 28], [46, 29]]
Actions [[45, 29, 'VE']]
Realizing [45, 29, 'VE']
[[45, 29], [46, 28], [46, 29]]
Actions [[45, 29, 'VE']]
Realizing [45, 29, 'VE']
[[45, 29], [46, 28], [46, 29]]
Actions [[45, 29, 'VE']]
Realizing [45, 29, 'VE']
[[45, 29], [46, 28], [46, 29]]
Actions [[45, 29, 'VE']]
Realizing [45, 29, 'VE']
[[45, 29], [46, 28], [46, 29]]
Actions [[45, 29, 'VE']]
Realizing [45, 29, 'VE']
[[45, 29], [46, 28], [46, 29]]
Actions [[45, 29, 'VE']]
Realizing [45, 29, 'VE']
[[45, 29], [46, 28], [46, 29]]
Actions [[45, 29, 'VE']]
Realizing [45, 29, 'VE']
[[45, 29], [46, 28], [46, 29]]
Actions [[45, 29, 'VE']]
Realizing [45, 29, 'VE']
[[45, 29], [46, 28], [46, 29]]
Actions [[45, 29, 'VE']]
Realizing [45, 29, 'VE']
[[45, 29], [46, 28], [46, 29]]
Actions [[45, 29, 'VE']]
Realizing [45, 29, 'VE']
[[45, 29], [46, 28], [46, 29]]
Actions [[45, 29, 'VE']]
Realizing [45, 29, 'VE']
[[45, 29], [46, 28], [46, 29]]
Actions [[45, 29, 'VE']]
Realizing [45, 29, 'VE']
[[45, 29], [46, 28], [46, 29]]
Actions [[45, 29, 'VE']]
Realizing [45, 29, 'VE']
[[45, 29], [46, 28], [46, 29]]
Actions [[45, 29, 'VE']]
Realizing [45, 29, 'VE']
[[45, 29], [46, 28], [46, 29]]
Actions [[45, 29, 'VE']]
Realizing [45, 29, 'VE']
[[45, 29], [46, 28], [46, 29]]
Actions [[45, 29, 'VE']]
Realizing [45, 29, 'VE']
[[45, 29], [46, 28], [46, 29]]
Actions [[45, 29, 'VE']]
Realizing [45, 29, 'VE']
[[45, 29], [46, 28], [46, 29]]
Actions [[45, 29, 'VE']]
Realizing [45, 29, 'VE']
[[45, 29], [46, 28], [46, 29]]
Actions [[45, 29, 'VE']]
Realizing [45, 29, 'VE']
[[45, 29], [46, 28], [46, 29]]
Actions [[45, 29, 'VE']]
Realizing [45, 29, 'VE']
[[45, 29], [46, 28], [46, 29]]
Actions [[45, 29, 'VE']]
Realizing [45, 29, 'VE']
[[45, 29], [46, 28], [46, 29]]
Actions [[45, 29, 'VE']]
Realizing [45, 29, 'VE']
[[45, 29], [46, 28], [46, 29]]
Actions [[45, 29, 'VE']]
Realizing [45, 29, 'VE']
[[45, 29], [46, 28], [46, 29]]
Actions [[45, 29, 'VE']]
Realizing [45, 29, 'VE']
[[45, 29], [46, 28], [46, 29]]
Actions [[45, 29, 'VE']]
Realizing [45, 29, 'VE']
[[45, 29], [46, 28], [46, 29]]
Actions [[45, 29, 'VE']]
Realizing [45, 29, 'VE']
[[45, 29], [46, 28], [46, 29]]
Actions [[45, 29, 'VE']]
Realizing [45, 29, 'VE']
[[45, 29], [46, 28], [46, 29]]
Actions [[45, 29, 'VE']]
Realizing [45, 29, 'VE']
[[45, 29], [46, 28], [46, 29]]
Actions [[45, 29, 'VE']]
Realizing [45, 29, 'VE']
[[45, 29], [46, 28], [46, 29]]
Actions [[45, 29, 'VE']]
Realizing [45, 29, 'VE']
[[45, 29], [46, 28], [46, 29]]
Actions [[45, 29, 'VE']]
Realizing [45, 29, 'VE']
[[45, 29], [46, 28], [46, 29]]
Actions [[46, 28, 'BB'], [46, 28, 'BE']]
Realizing [46, 28, 'BB']
[[46, 28], [46, 29]]
Realizing [46, 28, 'BE']
[[46, 28], [46, 29]]
Actions [[46, 28, 'BE']]
Realizing [46, 28, 'BE']
[[46, 28], [46, 29]]
Actions [[46, 28, 'BE']]
Realizing [46, 28, 'BE']
[[46, 28], [46, 29]]
Actions [[46, 28, 'BE']]
Realizing [46, 28, 'BE']
[[46, 28], [46, 29]]
Actions [[46, 28, 'BE']]
Realizing [46, 28, 'BE']
[[46, 28], [46, 29]]
Actions [[46, 28, 'BE']]
Realizing [46, 28, 'BE']
[[46, 28], [46, 29]]
Actions [[46, 28, 'BE']]
Realizing [46, 28, 'BE']
[[46, 28], [46, 29]]
Actions [[46, 28, 'BE']]
Realizing [46, 28, 'BE']
[[46, 28], [46, 29]]
Actions [[46, 28, 'BE']]
Realizing [46, 28, 'BE']
[[46, 28], [46, 29]]
Actions [[46, 28, 'BE']]
Realizing [46, 28, 'BE']
[[46, 28], [46, 29]]
Actions [[46, 28, 'BE']]
Realizing [46, 28, 'BE']
[[46, 28], [46, 29]]
Actions [[46, 28, 'BE']]
Realizing [46, 28, 'BE']
[[46, 28], [46, 29]]
Actions [[46, 28, 'BE']]
Realizing [46, 28, 'BE']
[[46, 28], [46, 29]]
Actions [[46, 28, 'BE']]
Realizing [46, 28, 'BE']
[[46, 28], [46, 29]]
Actions [[46, 28, 'BE']]
Realizing [46, 28, 'BE']
[[46, 28], [46, 29]]
Actions [[46, 28, 'BE']]
Realizing [46, 28, 'BE']
[[46, 28], [46, 29]]
Actions [[46, 28, 'BE']]
Realizing [46, 28, 'BE']
[[46, 28], [46, 29]]
Actions [[46, 28, 'BE']]
Realizing [46, 28, 'BE']
[[46, 28], [46, 29]]
Actions [[46, 28, 'BE']]
Realizing [46, 28, 'BE']
[[46, 28], [46, 29]]
Actions [[46, 28, 'BE']]
Realizing [46, 28, 'BE']
[[46, 28], [46, 29]]
Actions [[46, 28, 'BE']]
Realizing [46, 28, 'BE']
[[46, 28], [46, 29]]
Actions [[46, 28, 'BE']]
Realizing [46, 28, 'BE']
[[46, 28], [46, 29]]
Actions [[46, 28, 'BE']]
Realizing [46, 28, 'BE']
[[46, 28], [46, 29]]
Actions [[46, 28, 'BE']]
Realizing [46, 28, 'BE']
[[46, 28], [46, 29]]
Actions [[46, 28, 'BE']]
Realizing [46, 28, 'BE']
[[46, 28], [46, 29]]
Actions [[46, 28, 'BE']]
Realizing [46, 28, 'BE']
[[46, 28], [46, 29]]
Actions [[46, 28, 'BE']]
Realizing [46, 28, 'BE']
[[46, 28], [46, 29]]
Actions [[46, 28, 'BE']]
Realizing [46, 28, 'BE']
[[46, 28], [46, 29]]
Actions [[46, 28, 'BE']]
Realizing [46, 28, 'BE']
[[46, 28], [46, 29]]
Actions [[46, 28, 'BE']]
Realizing [46, 28, 'BE']
[[46, 28], [46, 29]]
Actions [[46, 28, 'BE']]
Realizing [46, 28, 'BE']
[[46, 28], [46, 29]]
Actions [[46, 28, 'BE']]
Realizing [46, 28, 'BE']
[[46, 28], [46, 29]]
Actions [[46, 28, 'BE']]
Realizing [46, 28, 'BE']
[[46, 28], [46, 29]]
Actions [[46, 28, 'BE']]
Realizing [46, 28, 'BE']
[[46, 28], [46, 29]]
Actions [[46, 28, 'BE']]
Realizing [46, 28, 'BE']
[[46, 28], [46, 29]]
Actions [[46, 28, 'BE']]
Realizing [46, 28, 'BE']
[[46, 28], [46, 29]]
Actions [[46, 28, 'BE']]
Realizing [46, 28, 'BE']
[[46, 28], [46, 29]]
Actions [[46, 28, 'BE']]
Realizing [46, 28, 'BE']
[[46, 28], [46, 29]]
Actions [[46, 28, 'BE']]
Realizing [46, 28, 'BE']
[[46, 28], [46, 29]]
Actions [[46, 28, 'BE']]
Realizing [46, 28, 'BE']
[[46, 28], [46, 29]]
Actions [[46, 28, 'BE']]
Realizing [46, 28, 'BE']
[[46, 28], [46, 29]]
Actions [[46, 28, 'BE']]
Realizing [46, 28, 'BE']
[[46, 28], [46, 29]]
Actions [[46, 28, 'BE']]
Realizing [46, 28, 'BE']
[[46, 28], [46, 29]]
Actions [[46, 28, 'BE']]
Realizing [46, 28, 'BE']
[[46, 28], [46, 29]]
Actions [[46, 28, 'BE']]
Realizing [46, 28, 'BE']
[[46, 28], [46, 29]]
Actions [[46, 28, 'BE']]
Realizing [46, 28, 'BE']
[[46, 28], [46, 29]]
Actions [[46, 28, 'BE']]
Realizing [46, 28, 'BE']
[[46, 28], [46, 29]]
Actions [[46, 28, 'BE']]
Realizing [46, 28, 'BE']
[[46, 28], [46, 29]]
Actions [[46, 28, 'BE']]
Realizing [46, 28, 'BE']
[[46, 28], [46, 29]]
Actions [[46, 28, 'BE']]
Realizing [46, 28, 'BE']
[[46, 28], [46, 29]]
Actions [[46, 28, 'BE']]
Realizing [46, 28, 'BE']
[[46, 28], [46, 29]]
Actions [[46, 28, 'BE']]
Realizing [46, 28, 'BE']
[[46, 28], [46, 29]]
Actions [[46, 28, 'BE']]
Realizing [46, 28, 'BE']
[[46, 28], [46, 29]]
Actions [[46, 28, 'BE']]
Realizing [46, 28, 'BE']
[[46, 28], [46, 29]]
Actions [[46, 28, 'BE']]
Realizing [46, 28, 'BE']
[[46, 28], [46, 29]]
Actions [[46, 28, 'BE']]
Realizing [46, 28, 'BE']
[[46, 28], [46, 29]]
Actions [[46, 28, 'BE']]
Realizing [46, 28, 'BE']
[[46, 28], [46, 29]]
Actions [[46, 28, 'BE']]
Realizing [46, 28, 'BE']
[[46, 28], [46, 29]]
Actions [[46, 28, 'BE']]
Realizing [46, 28, 'BE']
[[46, 28], [46, 29]]
Actions [[46, 28, 'BE']]
Realizing [46, 28, 'BE']
[[46, 28], [46, 29]]
Actions [[46, 28, 'BE']]
Realizing [46, 28, 'BE']
[[46, 28], [46, 29]]
Actions [[46, 29, 'FC'], [46, 29, 'FE']]
Realizing [46, 29, 'FC']
[[46, 29]]
Realizing [46, 29, 'FE']
[[46, 29]]
Actions [[46, 29, 'FE']]
Realizing [46, 29, 'FE']
[[46, 29]]
Actions [[46, 29, 'FE']]
Realizing [46, 29, 'FE']
[[46, 29]]
Actions [[46, 29, 'FE']]
Realizing [46, 29, 'FE']
[[46, 29]]
Actions [[46, 29, 'FE']]
Realizing [46, 29, 'FE']
[[46, 29]]
Actions [[46, 29, 'FE']]
Realizing [46, 29, 'FE']
[[46, 29]]
Actions [[46, 29, 'FE']]
Realizing [46, 29, 'FE']
[[46, 29]]
Actions [[46, 29, 'FE']]
Realizing [46, 29, 'FE']
[[46, 29]]
Actions [[46, 29, 'FE']]
Realizing [46, 29, 'FE']
[[46, 29]]
Actions [[46, 29, 'FE']]
Realizing [46, 29, 'FE']
[[46, 29]]
Actions [[46, 29, 'FE']]
Realizing [46, 29, 'FE']
[[46, 29]]
Actions [[46, 29, 'FE']]
Realizing [46, 29, 'FE']
[[46, 29]]
Actions [[46, 29, 'FE']]
Realizing [46, 29, 'FE']
[[46, 29]]
Actions [[46, 29, 'FE']]
Realizing [46, 29, 'FE']
[[46, 29]]
Actions [[46, 29, 'FE']]
Realizing [46, 29, 'FE']
[[46, 29]]
Actions [[46, 29, 'FE']]
Realizing [46, 29, 'FE']
[[46, 29]]
Actions [[46, 29, 'FE']]
Realizing [46, 29, 'FE']
[[46, 29]]
Actions [[46, 29, 'FE']]
Realizing [46, 29, 'FE']
[[46, 29]]
Actions [[46, 29, 'FE']]
Realizing [46, 29, 'FE']
[[46, 29]]
Actions [[46, 29, 'FE']]
Realizing [46, 29, 'FE']
[[46, 29]]
Actions [[46, 29, 'FE']]
Realizing [46, 29, 'FE']
[[46, 29]]
Actions [[46, 29, 'FE']]
Realizing [46, 29, 'FE']
[[46, 29]]
Actions [[46, 29, 'FE']]
Realizing [46, 29, 'FE']
[[46, 29]]
Actions [[46, 29, 'FE']]
Realizing [46, 29, 'FE']
[[46, 29]]
Actions [[46, 29, 'FE']]
Realizing [46, 29, 'FE']
[[46, 29]]
Actions [[46, 29, 'FE']]
Realizing [46, 29, 'FE']
[[46, 29]]
Actions [[46, 29, 'FE']]
Realizing [46, 29, 'FE']
[[46, 29]]
Actions [[46, 29, 'FE']]
Realizing [46, 29, 'FE']
[[46, 29]]
Actions [[46, 29, 'FE']]
Realizing [46, 29, 'FE']
[[46, 29]]
Actions [[46, 29, 'FE']]
Realizing [46, 29, 'FE']
[[46, 29]]
Actions [[46, 29, 'FE']]
Realizing [46, 29, 'FE']
[[46, 29]]
Actions [[46, 29, 'FE']]
Realizing [46, 29, 'FE']
[[46, 29]]
Actions [[46, 29, 'FE']]
Realizing [46, 29, 'FE']
[[46, 29]]
Actions [[46, 29, 'FE']]
Realizing [46, 29, 'FE']
[[46, 29]]
Actions [[46, 29, 'FE']]
Realizing [46, 29, 'FE']
[[46, 29]]
Actions [[46, 29, 'FE']]
Realizing [46, 29, 'FE']
[[46, 29]]
Actions [[46, 29, 'FE']]
Realizing [46, 29, 'FE']
[[46, 29]]
Actions [[46, 29, 'FE']]
Realizing [46, 29, 'FE']
[[46, 29]]
Actions [[46, 29, 'FE']]
Realizing [46, 29, 'FE']
[[46, 29]]
Actions [[46, 29, 'FE']]
Realizing [46, 29, 'FE']
[[46, 29]]
Actions [[46, 29, 'FE']]
Realizing [46, 29, 'FE']
[[46, 29]]
Actions [[46, 29, 'FE']]
Realizing [46, 29, 'FE']
[[46, 29]]
Actions [[46, 29, 'FE']]
Realizing [46, 29, 'FE']
[[46, 29]]
Actions [[46, 29, 'FE']]
Realizing [46, 29, 'FE']
[[46, 29]]
Actions [[46, 29, 'FE']]
Realizing [46, 29, 'FE']
[[46, 29]]
Actions [[46, 29, 'FE']]
Realizing [46, 29, 'FE']
[[46, 29]]
Actions [[46, 29, 'FE']]
Realizing [46, 29, 'FE']
[[46, 29]]
Actions [[46, 29, 'FE']]
Realizing [46, 29, 'FE']
[[46, 29]]
Actions [[46, 29, 'FE']]
Realizing [46, 29, 'FE']
[[46, 29]]
Actions [[46, 29, 'FE']]
Realizing [46, 29, 'FE']
[[46, 29]]
Actions [[46, 29, 'FE']]
Realizing [46, 29, 'FE']
[[46, 29]]
Actions [[46, 29, 'FE']]
Realizing [46, 29, 'FE']
[[46, 29]]
Actions [[46, 29, 'FE']]
Realizing [46, 29, 'FE']
[[46, 29]]
Actions [[46, 29, 'FE']]
Realizing [46, 29, 'FE']
[[46, 29]]
Actions [[46, 29, 'FE']]
Realizing [46, 29, 'FE']
[[46, 29]]
Actions [[46, 29, 'FE']]
Realizing [46, 29, 'FE']
[[46, 29]]
Actions [[46, 29, 'FE']]
Realizing [46, 29, 'FE']
[[46, 29]]
Actions [[46, 29, 'FE']]
Realizing [46, 29, 'FE']
[[46, 29]]
Actions [[46, 29, 'FE']]
Realizing [46, 29, 'FE']
[[46, 29]]
Actions [[46, 29, 'FE']]
Realizing [46, 29, 'FE']
[[46, 29]]
Actions [[46, 29, 'FE']]
Realizing [46, 29, 'FE']
[[46, 29]]
Actions [[46, 29, 'FE']]
Realizing [46, 29, 'FE']
[[46, 29]]
